Path;SteerAngle;Throttle;Brake;Speed;X_Position;Y_Position;Pitch;Yaw;Roll
E:\computer vision m.khalil\roversim\obstacles data\IMG\robocam_2022_12_06_17_43_28_668.jpg;0;0;1;0;99.66999;85.58897;0.0002360299;56.82556;-1.48449E-08
E:\computer vision m.khalil\roversim\obstacles data\IMG\robocam_2022_12_06_17_43_28_726.jpg;0;0;0;0;99.66999;85.58897;0.0002360603;56.82556;-1.171242E-07
E:\computer vision m.khalil\roversim\obstacles data\IMG\robocam_2022_12_06_17_43_28_796.jpg;0;0;0;0;99.66999;85.58897;0.0002360603;56.82556;-1.171242E-07
E:\computer vision m.khalil\roversim\obstacles data\IMG\robocam_2022_12_06_17_43_28_863.jpg;0;0;0;0;99.66999;85.58897;0.0002360451;56.82556;-6.598455E-08
E:\computer vision m.khalil\roversim\obstacles data\IMG\robocam_2022_12_06_17_43_28_931.jpg;0;0;0;0;99.66999;85.58897;0.0002359885;56.82556;-2.498685E-07
E:\computer vision m.khalil\roversim\obstacles data\IMG\robocam_2022_12_06_17_43_28_997.jpg;0;0;0;0;99.66999;85.58897;0.0002357839;56.82556;-3.107983E-07
E:\computer vision m.khalil\roversim\obstacles data\IMG\robocam_2022_12_06_17_43_29_064.jpg;0;0;0;0;99.66999;85.58897;0.0002358601;56.82556;-5.665031E-07
E:\computer vision m.khalil\roversim\obstacles data\IMG\robocam_2022_12_06_17_43_29_126.jpg;0;0;0;0;99.66999;85.58897;0.0002358144;56.82556;-4.130841E-07
E:\computer vision m.khalil\roversim\obstacles data\IMG\robocam_2022_12_06_17_43_29_195.jpg;0;0;0;0;99.66999;85.58897;0.0002358601;56.82556;-5.665031E-07
E:\computer vision m.khalil\roversim\obstacles data\IMG\robocam_2022_12_06_17_43_29_263.jpg;-4.195452;0;0;0;99.66999;85.58897;0.0002362682;56.06671;2.738222E-06
E:\computer vision m.khalil\roversim\obstacles data\IMG\robocam_2022_12_06_17_43_29_329.jpg;-0.1879683;0;0;0;99.66999;85.58897;0.000237597;55.91349;3.295241E-06
E:\computer vision m.khalil\roversim\obstacles data\IMG\robocam_2022_12_06_17_43_29_396.jpg;0;0;0;0;99.66999;85.58897;0.0002383887;55.91348;2.533338E-06
E:\computer vision m.khalil\roversim\obstacles data\IMG\robocam_2022_12_06_17_43_29_462.jpg;-2.024724;0;0;0;99.66999;85.58897;0.0002386384;55.79202;3.198707E-06
E:\computer vision m.khalil\roversim\obstacles data\IMG\robocam_2022_12_06_17_43_29_530.jpg;0;0;0;0;99.66999;85.58897;0.0002385002;55.78877;2.828021E-06
E:\computer vision m.khalil\roversim\obstacles data\IMG\robocam_2022_12_06_17_43_29_596.jpg;0;0;0;0;99.66999;85.58897;0.0002383434;55.78877;2.612239E-06
E:\computer vision m.khalil\roversim\obstacles data\IMG\robocam_2022_12_06_17_43_29_662.jpg;0;0;0;0;99.66999;85.58897;0.0002380844;55.78877;2.365061E-06
E:\computer vision m.khalil\roversim\obstacles data\IMG\robocam_2022_12_06_17_43_29_730.jpg;0;0;0;0;99.66999;85.58897;0.0002377863;55.78877;1.882494E-06
E:\computer vision m.khalil\roversim\obstacles data\IMG\robocam_2022_12_06_17_43_29_796.jpg;0;0;0;0;99.66999;85.58897;0.0002375745;55.78877;1.482327E-06
E:\computer vision m.khalil\roversim\obstacles data\IMG\robocam_2022_12_06_17_43_29_863.jpg;0;0;0;0;99.66999;85.58897;0.0002370174;55.78877;7.525886E-07
E:\computer vision m.khalil\roversim\obstacles data\IMG\robocam_2022_12_06_17_43_29_930.jpg;0;0;0;0;99.66999;85.58897;0.0002366487;55.78877;1.366329E-07
E:\computer vision m.khalil\roversim\obstacles data\IMG\robocam_2022_12_06_17_43_29_998.jpg;0;0;0;0;99.66999;85.58897;0.0002362799;55.78877;-4.793292E-07
E:\computer vision m.khalil\roversim\obstacles data\IMG\robocam_2022_12_06_17_43_30_063.jpg;-2.993769;0;0;0;99.66999;85.58897;0.0002371607;55.24717;2.422017E-07
E:\computer vision m.khalil\roversim\obstacles data\IMG\robocam_2022_12_06_17_43_30_130.jpg;-6.006991;0;0;0;99.66999;85.58897;0.0002362148;54.25689;3.784354E-06
E:\computer vision m.khalil\roversim\obstacles data\IMG\robocam_2022_12_06_17_43_30_197.jpg;-8.982431;0;0;0;99.66999;85.58897;0.000235482;52.72882;9.075923E-06
E:\computer vision m.khalil\roversim\obstacles data\IMG\robocam_2022_12_06_17_43_30_263.jpg;-11.99004;0;0;0;99.66999;85.58897;0.0002345737;50.0307;1.665977E-05
E:\computer vision m.khalil\roversim\obstacles data\IMG\robocam_2022_12_06_17_43_30_330.jpg;-14.99766;0;0;0;99.66999;85.58897;0.0002335733;47.42091;2.372623E-05
E:\computer vision m.khalil\roversim\obstacles data\IMG\robocam_2022_12_06_17_43_30_396.jpg;-15;0;0;0;99.66999;85.58897;0.0002331111;44.72095;2.998364E-05
E:\computer vision m.khalil\roversim\obstacles data\IMG\robocam_2022_12_06_17_43_30_463.jpg;-15;0;0;0;99.66999;85.58897;0.0002328207;42.02099;3.544758E-05
E:\computer vision m.khalil\roversim\obstacles data\IMG\robocam_2022_12_06_17_43_30_530.jpg;-15;0;0;0;99.66999;85.58897;0.0002334007;38.42101;4.124635E-05
E:\computer vision m.khalil\roversim\obstacles data\IMG\robocam_2022_12_06_17_43_30_594.jpg;-15;0;0;0;99.66999;85.58897;0.0002335762;35.72104;4.321756E-05
E:\computer vision m.khalil\roversim\obstacles data\IMG\robocam_2022_12_06_17_43_30_662.jpg;-15;0;0;0;99.66999;85.58897;0.000234193;33.02108;4.471326E-05
E:\computer vision m.khalil\roversim\obstacles data\IMG\robocam_2022_12_06_17_43_30_729.jpg;-15;0;0;0;99.66999;85.58897;0.0002357439;29.42112;4.525128E-05
E:\computer vision m.khalil\roversim\obstacles data\IMG\robocam_2022_12_06_17_43_30_795.jpg;-15;0;0;0;99.66999;85.58897;0.0002357644;26.72115;4.473349E-05
E:\computer vision m.khalil\roversim\obstacles data\IMG\robocam_2022_12_06_17_43_30_863.jpg;-15;0;0;0;99.66999;85.58897;0.000237698;23.12114;4.276041E-05
E:\computer vision m.khalil\roversim\obstacles data\IMG\robocam_2022_12_06_17_43_30_930.jpg;-15;0;0;0;99.66999;85.58897;0.000240898;20.4212;4.118134E-05
E:\computer vision m.khalil\roversim\obstacles data\IMG\robocam_2022_12_06_17_43_30_997.jpg;-15;0;0;0;99.67;85.58897;0.0002432347;17.72124;3.847281E-05
E:\computer vision m.khalil\roversim\obstacles data\IMG\robocam_2022_12_06_17_43_31_062.jpg;-15;0;0;0;99.67;85.58897;0.0002467643;15.02128;3.554189E-05
E:\computer vision m.khalil\roversim\obstacles data\IMG\robocam_2022_12_06_17_43_31_130.jpg;-15;0;0;0;99.67;85.58897;0.0002510606;11.42133;3.139444E-05
E:\computer vision m.khalil\roversim\obstacles data\IMG\robocam_2022_12_06_17_43_31_196.jpg;-15;0;0;0;99.67;85.58897;0.0002533364;8.721344;2.813482E-05
E:\computer vision m.khalil\roversim\obstacles data\IMG\robocam_2022_12_06_17_43_31_262.jpg;-15;0;0;0;99.67;85.58897;0.0002571569;6.021339;2.441006E-05
E:\computer vision m.khalil\roversim\obstacles data\IMG\robocam_2022_12_06_17_43_31_330.jpg;-15;0;0;0;99.67;85.58897;0.0002618937;2.421333;2.042814E-05
E:\computer vision m.khalil\roversim\obstacles data\IMG\robocam_2022_12_06_17_43_31_397.jpg;-15;0;0;0;99.67;85.58897;0.0002653657;359.7213;1.671909E-05
E:\computer vision m.khalil\roversim\obstacles data\IMG\robocam_2022_12_06_17_43_31_462.jpg;-15;0;0;0;99.67;85.58897;0.0002697209;357.0214;1.363066E-05
E:\computer vision m.khalil\roversim\obstacles data\IMG\robocam_2022_12_06_17_43_31_530.jpg;-15;0;0;0;99.67;85.58897;0.0002739978;353.4214;1.068284E-05
E:\computer vision m.khalil\roversim\obstacles data\IMG\robocam_2022_12_06_17_43_31_596.jpg;-15;0;0;0;99.67;85.58897;0.0002779235;350.7213;7.637976E-06
E:\computer vision m.khalil\roversim\obstacles data\IMG\robocam_2022_12_06_17_43_31_663.jpg;-15;0;0;0;99.67;85.58897;0.000281384;348.0213;5.887397E-06
E:\computer vision m.khalil\roversim\obstacles data\IMG\robocam_2022_12_06_17_43_31_730.jpg;-15;0;0;0;99.67;85.58897;0.0002837764;344.4213;3.476467E-06
E:\computer vision m.khalil\roversim\obstacles data\IMG\robocam_2022_12_06_17_43_31_796.jpg;-15;0;0;0;99.67;85.58897;0.0002865639;341.7212;9.410191E-07
E:\computer vision m.khalil\roversim\obstacles data\IMG\robocam_2022_12_06_17_43_31_863.jpg;-15;0;0;0;99.67;85.58897;0.0002898067;338.1211;-1.014534E-06
E:\computer vision m.khalil\roversim\obstacles data\IMG\robocam_2022_12_06_17_43_31_929.jpg;-15;0;0;0;99.67;85.58897;0.0002917648;335.4211;-1.121568E-06
E:\computer vision m.khalil\roversim\obstacles data\IMG\robocam_2022_12_06_17_43_31_996.jpg;-15;0;0;0;99.67;85.58897;0.0002931341;332.721;-2.77935E-06
E:\computer vision m.khalil\roversim\obstacles data\IMG\robocam_2022_12_06_17_43_32_062.jpg;-15;0;0;0;99.67;85.58897;0.0002943286;330.0209;-1.458213E-06
E:\computer vision m.khalil\roversim\obstacles data\IMG\robocam_2022_12_06_17_43_32_130.jpg;-15;0;0;0;99.67;85.58897;0.0002957827;326.4209;-2.18502E-06
E:\computer vision m.khalil\roversim\obstacles data\IMG\robocam_2022_12_06_17_43_32_197.jpg;-15;0;0;0;99.67;85.58897;0.0002958273;323.7209;-3.098226E-06
E:\computer vision m.khalil\roversim\obstacles data\IMG\robocam_2022_12_06_17_43_32_263.jpg;-15;0;0;0;99.67;85.58897;0.0002939139;320.1209;-2.831421E-06
E:\computer vision m.khalil\roversim\obstacles data\IMG\robocam_2022_12_06_17_43_32_330.jpg;-15;0;0;0;99.66999;85.58897;0.0002924684;317.4209;-2.083066E-06
E:\computer vision m.khalil\roversim\obstacles data\IMG\robocam_2022_12_06_17_43_32_396.jpg;-15;0;0;0;99.66999;85.58897;0.0002914027;314.721;-1.351472E-06
E:\computer vision m.khalil\roversim\obstacles data\IMG\robocam_2022_12_06_17_43_32_463.jpg;-15;0;0;0;99.66999;85.58897;0.0002898496;311.121;-1.2341E-06
E:\computer vision m.khalil\roversim\obstacles data\IMG\robocam_2022_12_06_17_43_32_530.jpg;-15;0;0;0;99.66999;85.589;0.0002885312;308.421;-3.555173E-06
E:\computer vision m.khalil\roversim\obstacles data\IMG\robocam_2022_12_06_17_43_32_594.jpg;-15;0;0;0;99.66999;85.589;0.0002863315;305.7209;-4.638355E-06
E:\computer vision m.khalil\roversim\obstacles data\IMG\robocam_2022_12_06_17_43_32_659.jpg;-15;0;0;0;99.66999;85.589;0.0002838136;303.0209;-6.486026E-06
E:\computer vision m.khalil\roversim\obstacles data\IMG\robocam_2022_12_06_17_43_32_731.jpg;-15;0;0;0;99.66999;85.589;0.0002805232;299.4208;-9.082587E-06
E:\computer vision m.khalil\roversim\obstacles data\IMG\robocam_2022_12_06_17_43_32_793.jpg;-15;0;0;0;99.66999;85.589;0.0002780368;296.7209;-9.818468E-06
E:\computer vision m.khalil\roversim\obstacles data\IMG\robocam_2022_12_06_17_43_32_864.jpg;-15;0;0;0;99.66999;85.589;0.0002735703;293.1208;-9.906554E-06
E:\computer vision m.khalil\roversim\obstacles data\IMG\robocam_2022_12_06_17_43_32_930.jpg;-15;0;0;0;99.66999;85.589;0.0002713756;290.4208;-9.895271E-06
E:\computer vision m.khalil\roversim\obstacles data\IMG\robocam_2022_12_06_17_43_32_997.jpg;-15;0;0;0;99.66999;85.589;0.0002680629;287.7208;-1.051869E-05
E:\computer vision m.khalil\roversim\obstacles data\IMG\robocam_2022_12_06_17_43_33_063.jpg;-15;0;0;0;99.66999;85.589;0.0002642899;284.1208;-1.244938E-05
E:\computer vision m.khalil\roversim\obstacles data\IMG\robocam_2022_12_06_17_43_33_130.jpg;-15;0;0;0;99.66999;85.589;0.0002633179;281.4208;-1.384919E-05
E:\computer vision m.khalil\roversim\obstacles data\IMG\robocam_2022_12_06_17_43_33_197.jpg;-15;0;0;0;99.66999;85.589;0.0002620256;278.7208;-1.387344E-05
E:\computer vision m.khalil\roversim\obstacles data\IMG\robocam_2022_12_06_17_43_33_263.jpg;-15;0;0;0;99.66999;85.589;0.000262621;275.1208;-1.350882E-05
E:\computer vision m.khalil\roversim\obstacles data\IMG\robocam_2022_12_06_17_43_33_330.jpg;-15;0;0;0;99.66999;85.589;0.0002631893;272.4208;-1.22457E-05
E:\computer vision m.khalil\roversim\obstacles data\IMG\robocam_2022_12_06_17_43_33_397.jpg;-15;0;0;0;99.66999;85.589;0.000262141;269.7208;-1.301165E-05
E:\computer vision m.khalil\roversim\obstacles data\IMG\robocam_2022_12_06_17_43_33_463.jpg;-15;0;0;0;99.66999;85.589;0.0002602111;267.0208;-1.394769E-05
E:\computer vision m.khalil\roversim\obstacles data\IMG\robocam_2022_12_06_17_43_33_528.jpg;-15;0;0;0;99.66999;85.589;0.0002589848;263.4208;-1.252009E-05
E:\computer vision m.khalil\roversim\obstacles data\IMG\robocam_2022_12_06_17_43_33_593.jpg;-15;0;0;0;99.66999;85.589;0.0002589428;260.7208;-1.106394E-05
E:\computer vision m.khalil\roversim\obstacles data\IMG\robocam_2022_12_06_17_43_33_659.jpg;-15;0;0;0;99.66999;85.589;0.0002580322;258.0208;-1.08464E-05
E:\computer vision m.khalil\roversim\obstacles data\IMG\robocam_2022_12_06_17_43_33_732.jpg;-15;0;0;0;99.66999;85.589;0.0002565246;254.4208;-1.141527E-05
E:\computer vision m.khalil\roversim\obstacles data\IMG\robocam_2022_12_06_17_43_33_794.jpg;0;0;0;0;99.66999;85.589;0.0002555047;253.6119;-1.997672E-05
E:\computer vision m.khalil\roversim\obstacles data\IMG\robocam_2022_12_06_17_43_33_860.jpg;2.97076;0;0;0;99.66999;85.589;0.0002538952;253.9633;-3.043549E-05
E:\computer vision m.khalil\roversim\obstacles data\IMG\robocam_2022_12_06_17_43_33_929.jpg;5.965812;0;0;0;99.66999;85.589;0.0002505084;255.2133;-4.62695E-05
E:\computer vision m.khalil\roversim\obstacles data\IMG\robocam_2022_12_06_17_43_33_993.jpg;9.056668;0;0;0;99.66999;85.589;0.0002471623;256.6592;-5.721489E-05
E:\computer vision m.khalil\roversim\obstacles data\IMG\robocam_2022_12_06_17_43_34_061.jpg;11.96927;0;0;0;99.66999;85.589;0.0002431661;258.6309;-6.820347E-05
E:\computer vision m.khalil\roversim\obstacles data\IMG\robocam_2022_12_06_17_43_34_130.jpg;15;0;0;0;99.66999;85.589;0.0002352607;262.0504;-8.179745E-05
E:\computer vision m.khalil\roversim\obstacles data\IMG\robocam_2022_12_06_17_43_34_196.jpg;15;0;0;0;99.66999;85.589;0.000231204;264.7504;-8.889721E-05
E:\computer vision m.khalil\roversim\obstacles data\IMG\robocam_2022_12_06_17_43_34_263.jpg;11.9924;0;0;0;99.66999;85.589;0.0002293255;267.0912;-9.302839E-05
E:\computer vision m.khalil\roversim\obstacles data\IMG\robocam_2022_12_06_17_43_34_330.jpg;-1.503522;0;0;0;99.66999;85.589;0.0002294079;266.9107;-8.23856E-05
E:\computer vision m.khalil\roversim\obstacles data\IMG\robocam_2022_12_06_17_43_34_396.jpg;-4.496827;0;0;0;99.66999;85.589;0.0002314802;266.1908;-7.003335E-05
E:\computer vision m.khalil\roversim\obstacles data\IMG\robocam_2022_12_06_17_43_34_463.jpg;-7.50294;0;0;0;99.66999;85.589;0.0002325297;265.0238;-5.601919E-05
E:\computer vision m.khalil\roversim\obstacles data\IMG\robocam_2022_12_06_17_43_34_529.jpg;-10.49092;0;0;0;99.66999;85.589;0.0002336263;262.6861;-3.456832E-05
E:\computer vision m.khalil\roversim\obstacles data\IMG\robocam_2022_12_06_17_43_34_592.jpg;-13.31005;0;0;0;99.66999;85.589;0.000232601;260.3691;-1.756444E-05
E:\computer vision m.khalil\roversim\obstacles data\IMG\robocam_2022_12_06_17_43_34_660.jpg;-15;0.1006482;0;0;99.66988;85.58901;0.0005690639;258.5982;-0.002384908
E:\computer vision m.khalil\roversim\obstacles data\IMG\robocam_2022_12_06_17_43_34_731.jpg;-15;0.3110151;0;0.0127113;99.66952;85.5877;0.03034373;258.4562;-0.004070936
E:\computer vision m.khalil\roversim\obstacles data\IMG\robocam_2022_12_06_17_43_34_794.jpg;-15;0.5142762;0;0.01849709;99.66865;85.58519;0.0844885;258.3525;359.9888
E:\computer vision m.khalil\roversim\obstacles data\IMG\robocam_2022_12_06_17_43_34_861.jpg;-15;0.7069095;0;0.05047051;99.66685;85.58011;0.1917138;258.1705;359.9743
E:\computer vision m.khalil\roversim\obstacles data\IMG\robocam_2022_12_06_17_43_34_928.jpg;-15;0.9064921;0;0.0864588;99.66325;85.56947;0.397099;257.8725;359.9563
E:\computer vision m.khalil\roversim\obstacles data\IMG\robocam_2022_12_06_17_43_34_992.jpg;-15;1;0;0.1324571;99.65923;85.55733;0.6050956;257.5859;359.9585
E:\computer vision m.khalil\roversim\obstacles data\IMG\robocam_2022_12_06_17_43_35_058.jpg;-12.01738;1;0;0.2048388;99.65433;85.54182;0.8432874;257.3935;359.9793
E:\computer vision m.khalil\roversim\obstacles data\IMG\robocam_2022_12_06_17_43_35_125.jpg;-9.021448;1;0;0.2662424;99.64603;85.51572;1.193902;257.1877;0.005206228
E:\computer vision m.khalil\roversim\obstacles data\IMG\robocam_2022_12_06_17_43_35_194.jpg;-5.996044;1;0;0.3022679;99.63977;85.49474;1.33796;256.8812;0.001366063
E:\computer vision m.khalil\roversim\obstacles data\IMG\robocam_2022_12_06_17_43_35_259.jpg;-2.888169;1;0;0.3916503;99.63469;85.4747;1.209852;256.7102;-0.002847143
E:\computer vision m.khalil\roversim\obstacles data\IMG\robocam_2022_12_06_17_43_35_329.jpg;0;1;0;0.4436485;99.62669;85.44227;1.070262;256.7589;-0.001175344
E:\computer vision m.khalil\roversim\obstacles data\IMG\robocam_2022_12_06_17_43_35_393.jpg;0;1;0;0.4848376;99.6198;85.41357;1.040083;256.7776;-0.0002841933
E:\computer vision m.khalil\roversim\obstacles data\IMG\robocam_2022_12_06_17_43_35_465.jpg;0;1;0;0.5525135;99.60901;85.36851;1.108318;256.6965;3.170228E-05
E:\computer vision m.khalil\roversim\obstacles data\IMG\robocam_2022_12_06_17_43_35_532.jpg;0;1;0;0.5979291;99.60009;85.33133;1.188438;256.6189;-9.302797E-05
E:\computer vision m.khalil\roversim\obstacles data\IMG\robocam_2022_12_06_17_43_35_597.jpg;0;1;0;0.6547194;99.59056;85.29179;1.250291;256.5755;-0.0009728266
E:\computer vision m.khalil\roversim\obstacles data\IMG\robocam_2022_12_06_17_43_35_661.jpg;0;1;0;0.7017879;99.58067;85.25098;1.234257;256.4913;-0.0008942686
E:\computer vision m.khalil\roversim\obstacles data\IMG\robocam_2022_12_06_17_43_35_729.jpg;0;1;0;0.7700372;99.56615;85.19112;1.20768;256.5322;-0.0009426955
E:\computer vision m.khalil\roversim\obstacles data\IMG\robocam_2022_12_06_17_43_35_795.jpg;0;1;0;0.8146769;99.55443;85.14283;1.195709;256.5648;-0.001619854
E:\computer vision m.khalil\roversim\obstacles data\IMG\robocam_2022_12_06_17_43_35_861.jpg;0;1;0;0.8801945;99.54195;85.09148;1.204608;256.5737;-0.0006752841
E:\computer vision m.khalil\roversim\obstacles data\IMG\robocam_2022_12_06_17_43_35_929.jpg;0;1;0;0.9326708;99.52406;85.01785;1.226453;256.5178;-0.0008369032
E:\computer vision m.khalil\roversim\obstacles data\IMG\robocam_2022_12_06_17_43_35_995.jpg;0;1;0;0.9870314;99.5098;84.95935;1.232782;256.5092;-0.0009349785
E:\computer vision m.khalil\roversim\obstacles data\IMG\robocam_2022_12_06_17_43_36_061.jpg;0;0.8021926;0;1.048501;99.49502;84.89874;1.215347;256.502;-0.0008039554
E:\computer vision m.khalil\roversim\obstacles data\IMG\robocam_2022_12_06_17_43_36_130.jpg;0;0.5966672;0;1.080867;99.47456;84.81493;1.198814;256.4936;-0.0003884854
E:\computer vision m.khalil\roversim\obstacles data\IMG\robocam_2022_12_06_17_43_36_197.jpg;0;0.39737;0;1.115722;99.45888;84.75076;1.183145;256.4887;-0.0002935606
E:\computer vision m.khalil\roversim\obstacles data\IMG\robocam_2022_12_06_17_43_36_260.jpg;-1.523111;0.1954157;0;1.114257;99.44281;84.68553;1.165309;256.4607;-0.0003421405
E:\computer vision m.khalil\roversim\obstacles data\IMG\robocam_2022_12_06_17_43_36_327.jpg;-4.411328;0.002867848;0;1.131759;99.42019;84.59984;1.086099;256.1416;-0.003630151
E:\computer vision m.khalil\roversim\obstacles data\IMG\robocam_2022_12_06_17_43_36_396.jpg;-7.404881;0;0;1.123504;99.40173;84.53689;0.9854267;255.661;359.9643
E:\computer vision m.khalil\roversim\obstacles data\IMG\robocam_2022_12_06_17_43_36_461.jpg;-4.360419;0;0;1.118577;99.38329;84.47459;0.8603905;255.2272;359.9309
E:\computer vision m.khalil\roversim\obstacles data\IMG\robocam_2022_12_06_17_43_36_528.jpg;-1.358077;0;0;1.115737;99.36004;84.39183;0.6741217;254.9685;359.9079
E:\computer vision m.khalil\roversim\obstacles data\IMG\robocam_2022_12_06_17_43_36_595.jpg;0;0;0;1.112416;99.34338;84.32997;0.5245221;254.9466;359.9042
E:\computer vision m.khalil\roversim\obstacles data\IMG\robocam_2022_12_06_17_43_36_662.jpg;0;0;0;1.107734;99.32684;84.26842;0.3683887;254.9452;359.9034
E:\computer vision m.khalil\roversim\obstacles data\IMG\robocam_2022_12_06_17_43_36_729.jpg;0;0;0;1.104134;99.30488;84.18667;0.1597684;254.9449;359.9055
E:\computer vision m.khalil\roversim\obstacles data\IMG\robocam_2022_12_06_17_43_36_795.jpg;-3.026898;0;0;1.100365;99.28748;84.12582;0.008651369;254.7948;359.8869
E:\computer vision m.khalil\roversim\obstacles data\IMG\robocam_2022_12_06_17_43_36_862.jpg;-6.013922;0;0;1.094555;99.26885;84.06545;359.8656;254.4589;359.8429
E:\computer vision m.khalil\roversim\obstacles data\IMG\robocam_2022_12_06_17_43_36_929.jpg;-9.036648;0;0;1.089292;99.24174;83.9857;359.7033;253.6976;359.7501
E:\computer vision m.khalil\roversim\obstacles data\IMG\robocam_2022_12_06_17_43_36_996.jpg;-12.01803;0;0;1.082824;99.21946;83.92629;359.6249;252.9025;359.6716
E:\computer vision m.khalil\roversim\obstacles data\IMG\robocam_2022_12_06_17_43_37_064.jpg;-15;0;0;1.072901;99.18674;83.8483;359.5601;251.5661;359.5379
E:\computer vision m.khalil\roversim\obstacles data\IMG\robocam_2022_12_06_17_43_37_132.jpg;-15;0;0;1.065288;99.16051;83.79057;359.5404;250.4798;359.4339
E:\computer vision m.khalil\roversim\obstacles data\IMG\robocam_2022_12_06_17_43_37_195.jpg;-15;0;0;1.059257;99.1333;83.73313;359.552;249.3976;359.3487
E:\computer vision m.khalil\roversim\obstacles data\IMG\robocam_2022_12_06_17_43_37_262.jpg;-15;0;0;1.051483;99.10498;83.67604;359.5961;248.3196;359.2831
E:\computer vision m.khalil\roversim\obstacles data\IMG\robocam_2022_12_06_17_43_37_329.jpg;-15;0;0;1.045481;99.06542;83.60055;359.7075;246.8739;359.2342
E:\computer vision m.khalil\roversim\obstacles data\IMG\robocam_2022_12_06_17_43_37_395.jpg;-15;0;0;1.039913;99.03429;83.54515;359.7913;245.7714;359.195
E:\computer vision m.khalil\roversim\obstacles data\IMG\robocam_2022_12_06_17_43_37_461.jpg;-15;0;0;1.033514;99.00232;83.4908;359.8641;244.6733;359.1553
E:\computer vision m.khalil\roversim\obstacles data\IMG\robocam_2022_12_06_17_43_37_531.jpg;-15;0;0;1.028896;98.95851;83.4199;359.9445;243.222;359.1064
E:\computer vision m.khalil\roversim\obstacles data\IMG\robocam_2022_12_06_17_43_37_597.jpg;-15;0;0;1.022766;98.9248;83.36792;359.9924;242.1429;359.074
E:\computer vision m.khalil\roversim\obstacles data\IMG\robocam_2022_12_06_17_43_37_660.jpg;-15;0;0;1.018278;98.89055;83.31717;0.01447178;241.0732;359.0479
E:\computer vision m.khalil\roversim\obstacles data\IMG\robocam_2022_12_06_17_43_37_729.jpg;-15;0;0;1.014138;98.84404;83.25144;0.003615171;239.6651;359.0227
E:\computer vision m.khalil\roversim\obstacles data\IMG\robocam_2022_12_06_17_43_37_796.jpg;-15;0;0;1.009921;98.80839;83.20319;359.9911;238.6204;359.0114
E:\computer vision m.khalil\roversim\obstacles data\IMG\robocam_2022_12_06_17_43_37_861.jpg;-15;0;0;1.00391;98.77201;83.15589;359.9755;237.5794;359.0026
E:\computer vision m.khalil\roversim\obstacles data\IMG\robocam_2022_12_06_17_43_37_928.jpg;-15;0;0;0.9993652;98.72248;83.09417;359.9561;236.1999;359.0015
E:\computer vision m.khalil\roversim\obstacles data\IMG\robocam_2022_12_06_17_43_37_995.jpg;-15;0;0;0.9949689;98.68458;83.04887;359.9431;235.1711;359.0078
E:\computer vision m.khalil\roversim\obstacles data\IMG\robocam_2022_12_06_17_43_38_062.jpg;-15;0;0;0.9890625;98.64603;83.00446;359.9319;234.1471;359.0187
E:\computer vision m.khalil\roversim\obstacles data\IMG\robocam_2022_12_06_17_43_38_129.jpg;-15;0;0;0.9846082;98.59359;82.94666;359.9178;232.7833;359.0378
E:\computer vision m.khalil\roversim\obstacles data\IMG\robocam_2022_12_06_17_43_38_195.jpg;-15;0;0;0.9803327;98.55358;82.90437;359.9074;231.7652;359.0556
E:\computer vision m.khalil\roversim\obstacles data\IMG\robocam_2022_12_06_17_43_38_261.jpg;-15;0;0;0.9746084;98.51299;82.86305;359.8943;230.7489;359.0716
E:\computer vision m.khalil\roversim\obstacles data\IMG\robocam_2022_12_06_17_43_38_328.jpg;-15;0;0;0.9702961;98.45801;82.80934;359.8781;229.4007;359.0963
E:\computer vision m.khalil\roversim\obstacles data\IMG\robocam_2022_12_06_17_43_38_395.jpg;-15;0;0;0.9660864;98.41616;82.7701;359.8671;228.3943;359.1166
E:\computer vision m.khalil\roversim\obstacles data\IMG\robocam_2022_12_06_17_43_38_462.jpg;1.499481;0;0;0.957639;98.37817;82.72767;359.8437;228.2809;359.2659
E:\computer vision m.khalil\roversim\obstacles data\IMG\robocam_2022_12_06_17_43_38_529.jpg;4.485762;0;0;0.953241;98.32932;82.67;359.8073;228.5777;359.5135
E:\computer vision m.khalil\roversim\obstacles data\IMG\robocam_2022_12_06_17_43_38_597.jpg;7.493589;0;0;0.9483861;98.29409;82.62598;359.7788;229.0177;359.7272
E:\computer vision m.khalil\roversim\obstacles data\IMG\robocam_2022_12_06_17_43_38_659.jpg;4.618418;0;0;0.942881;98.25894;82.58212;359.7549;229.411;359.9267
E:\computer vision m.khalil\roversim\obstacles data\IMG\robocam_2022_12_06_17_43_38_733.jpg;1.593167;0;0;0.9402807;98.21128;82.52455;359.7316;229.6588;0.1401647
E:\computer vision m.khalil\roversim\obstacles data\IMG\robocam_2022_12_06_17_43_38_793.jpg;0;0;0;0.9362704;98.17501;82.48203;359.7183;229.6782;0.2626255
E:\computer vision m.khalil\roversim\obstacles data\IMG\robocam_2022_12_06_17_43_38_861.jpg;0;0;0;0.9328664;98.1388;82.43963;359.7085;229.6792;0.3678821
E:\computer vision m.khalil\roversim\obstacles data\IMG\robocam_2022_12_06_17_43_38_928.jpg;0;0;0;0.9291548;98.09019;82.38309;359.7259;229.6721;0.4572972
E:\computer vision m.khalil\roversim\obstacles data\IMG\robocam_2022_12_06_17_43_38_995.jpg;0;0;0;0.925535;98.05389;82.34064;359.7484;229.67;0.503258
E:\computer vision m.khalil\roversim\obstacles data\IMG\robocam_2022_12_06_17_43_39_061.jpg;0;0;0;0.9209661;98.01768;82.29829;359.7753;229.6682;0.5308295
E:\computer vision m.khalil\roversim\obstacles data\IMG\robocam_2022_12_06_17_43_39_129.jpg;0;0;0;0.9176991;97.96962;82.24199;359.812;229.6669;0.5442891
E:\computer vision m.khalil\roversim\obstacles data\IMG\robocam_2022_12_06_17_43_39_197.jpg;0;0;0;0.9145603;97.93376;82.19994;359.8382;229.666;0.5383295
E:\computer vision m.khalil\roversim\obstacles data\IMG\robocam_2022_12_06_17_43_39_264.jpg;0;0;0;0.9104109;97.88627;82.14416;359.8656;229.6661;0.515793
E:\computer vision m.khalil\roversim\obstacles data\IMG\robocam_2022_12_06_17_43_39_330.jpg;0;0;0;0.9073666;97.85086;82.10254;359.8808;229.6662;0.4884608
E:\computer vision m.khalil\roversim\obstacles data\IMG\robocam_2022_12_06_17_43_39_396.jpg;0;0;0;0.9033388;97.81563;82.06111;359.8914;229.6663;0.4536701
E:\computer vision m.khalil\roversim\obstacles data\IMG\robocam_2022_12_06_17_43_39_464.jpg;0;0;0;0.9003339;97.76892;82.00617;359.8989;229.6665;0.398059
E:\computer vision m.khalil\roversim\obstacles data\IMG\robocam_2022_12_06_17_43_39_530.jpg;0;0;0;0.8973374;97.7341;81.96517;359.9;229.6665;0.3512121
E:\computer vision m.khalil\roversim\obstacles data\IMG\robocam_2022_12_06_17_43_39_597.jpg;0;0;0;0.8933486;97.69943;81.92435;359.8977;229.6666;0.3014452
E:\computer vision m.khalil\roversim\obstacles data\IMG\robocam_2022_12_06_17_43_39_664.jpg;3.020103;0;0;0.8903297;97.65434;81.86949;359.89;229.8331;0.2571941
E:\computer vision m.khalil\roversim\obstacles data\IMG\robocam_2022_12_06_17_43_39_728.jpg;5.910044;0;0;0.8869675;97.62179;81.82774;359.8801;230.1543;0.2514931
E:\computer vision m.khalil\roversim\obstacles data\IMG\robocam_2022_12_06_17_43_39_795.jpg;8.907742;0;0;0.883066;97.5906;81.78536;359.8655;230.6607;0.2730815
E:\computer vision m.khalil\roversim\obstacles data\IMG\robocam_2022_12_06_17_43_39_861.jpg;8.930571;0;0;0.8784128;97.55971;81.74292;359.8562;231.1627;0.2880152
E:\computer vision m.khalil\roversim\obstacles data\IMG\robocam_2022_12_06_17_43_39_928.jpg;11.91714;0;0;0.8737539;97.52061;81.6853;359.8468;232.0635;0.3387292
E:\computer vision m.khalil\roversim\obstacles data\IMG\robocam_2022_12_06_17_43_39_994.jpg;8.907468;0;0;0.8696756;97.49158;81.64207;359.8452;232.6765;0.3641065
E:\computer vision m.khalil\roversim\obstacles data\IMG\robocam_2022_12_06_17_43_40_060.jpg;8.930205;0;0;0.8665489;97.46255;81.59899;359.8463;233.1798;0.3751418
E:\computer vision m.khalil\roversim\obstacles data\IMG\robocam_2022_12_06_17_43_40_129.jpg;11.91959;0;0;0.8620232;97.42592;81.54066;359.8492;234.0737;0.4167501
E:\computer vision m.khalil\roversim\obstacles data\IMG\robocam_2022_12_06_17_43_40_196.jpg;11.95476;0;0;0.856756;97.39967;81.49648;359.8544;234.8367;0.4541949
E:\computer vision m.khalil\roversim\obstacles data\IMG\robocam_2022_12_06_17_43_40_263.jpg;8.959722;0;0;0.853246;97.36462;81.43785;359.8644;235.6637;0.475433
E:\computer vision m.khalil\roversim\obstacles data\IMG\robocam_2022_12_06_17_43_40_329.jpg;5.975457;0.198951;0;0.8467329;97.33747;81.39357;359.8923;236.1095;0.4632035
E:\computer vision m.khalil\roversim\obstacles data\IMG\robocam_2022_12_06_17_43_40_396.jpg;2.941638;0.4012056;0;0.8644717;97.30908;81.3487;359.9446;236.4063;0.4266531
E:\computer vision m.khalil\roversim\obstacles data\IMG\robocam_2022_12_06_17_43_40_462.jpg;0;0.601035;0;0.8951298;97.27893;81.30244;0.03906225;236.482;0.3688669
E:\computer vision m.khalil\roversim\obstacles data\IMG\robocam_2022_12_06_17_43_40_530.jpg;-2.955487;0.7980675;0;0.9098183;97.23562;81.23915;0.2162952;236.3792;0.2513612
E:\computer vision m.khalil\roversim\obstacles data\IMG\robocam_2022_12_06_17_43_40_596.jpg;-5.977665;0.9995459;0;0.9532749;97.19958;81.18935;0.4152324;235.9832;0.1292296
E:\computer vision m.khalil\roversim\obstacles data\IMG\robocam_2022_12_06_17_43_40_658.jpg;-8.828617;1;0;1.007926;97.16005;81.13765;0.6616372;235.3995;359.9714
E:\computer vision m.khalil\roversim\obstacles data\IMG\robocam_2022_12_06_17_43_40_728.jpg;-11.86972;1;0;1.058819;97.10349;81.06694;0.9690446;234.2865;359.812
E:\computer vision m.khalil\roversim\obstacles data\IMG\robocam_2022_12_06_17_43_40_795.jpg;-14.92333;1;0;1.095468;97.05815;81.01432;1.134034;233.171;359.7274
E:\computer vision m.khalil\roversim\obstacles data\IMG\robocam_2022_12_06_17_43_40_861.jpg;-11.92775;1;0;1.14195;97.01315;80.96232;1.131927;232.111;359.7889
E:\computer vision m.khalil\roversim\obstacles data\IMG\robocam_2022_12_06_17_43_40_929.jpg;-8.793816;1;0;1.209787;96.94968;80.8909;1.056513;230.8816;359.9644
E:\computer vision m.khalil\roversim\obstacles data\IMG\robocam_2022_12_06_17_43_40_995.jpg;-5.898115;1;0;1.263063;96.89795;80.8339;1.079316;230.2644;0.03854715
E:\computer vision m.khalil\roversim\obstacles data\IMG\robocam_2022_12_06_17_43_41_061.jpg;0;0.7992676;0;1.320001;96.8447;80.77416;1.128604;229.8932;0.09118017
E:\computer vision m.khalil\roversim\obstacles data\IMG\robocam_2022_12_06_17_43_41_129.jpg;2.976192;0.6008548;0;1.352367;96.77454;80.69091;1.148058;230.0481;0.1412042
E:\computer vision m.khalil\roversim\obstacles data\IMG\robocam_2022_12_06_17_43_41_195.jpg;6.012172;0.600661;0;1.378029;96.72328;80.62681;1.085426;230.4871;0.1449122
E:\computer vision m.khalil\roversim\obstacles data\IMG\robocam_2022_12_06_17_43_41_261.jpg;8.985056;0.7988533;0;1.41472;96.6731;80.55987;1.014794;231.1679;0.1713403
E:\computer vision m.khalil\roversim\obstacles data\IMG\robocam_2022_12_06_17_43_41_329.jpg;11.96772;0.9976975;0;1.449672;96.60722;80.46492;0.9554007;232.5034;0.2558862
E:\computer vision m.khalil\roversim\obstacles data\IMG\robocam_2022_12_06_17_43_41_395.jpg;15;1;0;1.491598;96.55913;80.3894;0.9108776;233.8378;0.3346962
E:\computer vision m.khalil\roversim\obstacles data\IMG\robocam_2022_12_06_17_43_41_461.jpg;15;1;0;1.548323;96.51201;80.31078;0.8422769;235.3106;0.3949116
E:\computer vision m.khalil\roversim\obstacles data\IMG\robocam_2022_12_06_17_43_41_529.jpg;15;1;0;1.592616;96.45067;80.20071;0.7347769;237.3297;0.4611008
E:\computer vision m.khalil\roversim\obstacles data\IMG\robocam_2022_12_06_17_43_41_595.jpg;15;1;0;1.636598;96.40579;80.11372;0.674024;238.8784;0.5247349
E:\computer vision m.khalil\roversim\obstacles data\IMG\robocam_2022_12_06_17_43_41_658.jpg;15;1;0;1.694032;96.36195;80.02334;0.6145362;240.4594;0.5816105
E:\computer vision m.khalil\roversim\obstacles data\IMG\robocam_2022_12_06_17_43_41_730.jpg;15;0.8846242;0;1.73732;96.30579;79.89753;0.5324956;242.6137;0.6547646
E:\computer vision m.khalil\roversim\obstacles data\IMG\robocam_2022_12_06_17_43_41_794.jpg;15;0.6872935;0;1.77397;96.26595;79.79982;0.4604383;244.2535;0.715167
E:\computer vision m.khalil\roversim\obstacles data\IMG\robocam_2022_12_06_17_43_41_860.jpg;15;0.4930444;0;1.808421;96.22855;79.69989;0.3732307;245.9025;0.7885941
E:\computer vision m.khalil\roversim\obstacles data\IMG\robocam_2022_12_06_17_43_41_929.jpg;15;0.2891905;0;1.823308;96.18298;79.56463;0.2131035;248.1009;0.9039844
E:\computer vision m.khalil\roversim\obstacles data\IMG\robocam_2022_12_06_17_43_41_996.jpg;15;0.08844697;0;1.829506;96.15242;79.46245;0.05647984;249.7377;1.010814
E:\computer vision m.khalil\roversim\obstacles data\IMG\robocam_2022_12_06_17_43_42_062.jpg;15;0;0;1.823422;96.12441;79.35955;359.9211;251.3409;1.122035
E:\computer vision m.khalil\roversim\obstacles data\IMG\robocam_2022_12_06_17_43_42_129.jpg;15;0;0;1.815347;96.0889;79.21991;359.9053;253.3749;1.124782
E:\computer vision m.khalil\roversim\obstacles data\IMG\robocam_2022_12_06_17_43_42_196.jpg;15;0;0;1.803774;96.06614;79.11355;359.9796;254.9467;1.088864
E:\computer vision m.khalil\roversim\obstacles data\IMG\robocam_2022_12_06_17_43_42_261.jpg;15;0;0;1.791908;96.04752;79.00769;0.008634733;256.5738;1.081626
E:\computer vision m.khalil\roversim\obstacles data\IMG\robocam_2022_12_06_17_43_42_329.jpg;15;0;0;1.785077;96.02763;78.86739;359.9929;258.731;1.062847
E:\computer vision m.khalil\roversim\obstacles data\IMG\robocam_2022_12_06_17_43_42_394.jpg;15;0;0;1.777803;96.01649;78.76217;359.9825;260.339;1.059538
E:\computer vision m.khalil\roversim\obstacles data\IMG\robocam_2022_12_06_17_43_42_461.jpg;15;0;0;1.767348;96.00847;78.65714;359.9705;261.9506;1.077625
E:\computer vision m.khalil\roversim\obstacles data\IMG\robocam_2022_12_06_17_43_42_527.jpg;15;0;0;1.759673;96.00193;78.51706;359.9846;264.0762;1.094495
E:\computer vision m.khalil\roversim\obstacles data\IMG\robocam_2022_12_06_17_43_42_595.jpg;15;0;0;1.749051;96.00049;78.41223;0.008556773;265.6722;1.109733
E:\computer vision m.khalil\roversim\obstacles data\IMG\robocam_2022_12_06_17_43_42_658.jpg;15;0;0;1.741889;96.00163;78.30855;359.9925;267.2607;1.104067
E:\computer vision m.khalil\roversim\obstacles data\IMG\robocam_2022_12_06_17_43_42_730.jpg;15;0;0;1.733908;96.00797;78.17086;359.9904;269.3665;1.086649
E:\computer vision m.khalil\roversim\obstacles data\IMG\robocam_2022_12_06_17_43_42_793.jpg;15;0;0;1.726805;96.01605;78.06845;359.9801;270.9388;1.070884
E:\computer vision m.khalil\roversim\obstacles data\IMG\robocam_2022_12_06_17_43_42_860.jpg;15;0;0;1.716423;96.0272;77.96677;359.9694;272.5159;1.075998
E:\computer vision m.khalil\roversim\obstacles data\IMG\robocam_2022_12_06_17_43_42_928.jpg;15;0;0;1.709022;96.04621;77.8321;359.9731;274.6094;1.087485
E:\computer vision m.khalil\roversim\obstacles data\IMG\robocam_2022_12_06_17_43_42_995.jpg;15;0;0;1.701307;96.06343;77.7318;359.9936;276.1671;1.09033
E:\computer vision m.khalil\roversim\obstacles data\IMG\robocam_2022_12_06_17_43_43_061.jpg;15;0;0;1.691138;96.08337;77.63269;0.0008576957;277.7285;1.100116
E:\computer vision m.khalil\roversim\obstacles data\IMG\robocam_2022_12_06_17_43_43_128.jpg;15;0.1984278;0;1.686562;96.11384;77.50201;-0.003914225;279.7954;1.083027
E:\computer vision m.khalil\roversim\obstacles data\IMG\robocam_2022_12_06_17_43_43_195.jpg;15;0.400566;0;1.690072;96.14011;77.40414;0.01008236;281.3563;1.066422
E:\computer vision m.khalil\roversim\obstacles data\IMG\robocam_2022_12_06_17_43_43_263.jpg;12.02818;0.5986872;0;1.710808;96.16859;77.30583;0.0191933;282.8021;1.038255
E:\computer vision m.khalil\roversim\obstacles data\IMG\robocam_2022_12_06_17_43_43_328.jpg;9.038697;0.3993883;0;1.733456;96.20876;77.17266;0.06212001;284.328;0.9915008
E:\computer vision m.khalil\roversim\obstacles data\IMG\robocam_2022_12_06_17_43_43_394.jpg;6.01585;0.1978651;0;1.747847;96.23943;77.07185;0.09990076;285.1437;0.9348772
E:\computer vision m.khalil\roversim\obstacles data\IMG\robocam_2022_12_06_17_43_43_461.jpg;9.009515;0;0;1.751068;96.27182;76.97181;0.1213027;285.9769;0.8996993
E:\computer vision m.khalil\roversim\obstacles data\IMG\robocam_2022_12_06_17_43_43_528.jpg;11.99648;0;0;1.743969;96.31953;76.84167;0.09914882;287.5071;0.929793
E:\computer vision m.khalil\roversim\obstacles data\IMG\robocam_2022_12_06_17_43_43_595.jpg;14.98853;0;0;1.735187;96.35902;76.747;0.04120766;288.9695;1.013788
E:\computer vision m.khalil\roversim\obstacles data\IMG\robocam_2022_12_06_17_43_43_658.jpg;15;0;0;1.723556;96.40059;76.65431;359.9595;290.5236;1.098476
E:\computer vision m.khalil\roversim\obstacles data\IMG\robocam_2022_12_06_17_43_43_728.jpg;15;0;0;1.71573;96.45886;76.53116;359.9469;292.5392;1.115059
E:\computer vision m.khalil\roversim\obstacles data\IMG\robocam_2022_12_06_17_43_43_793.jpg;15;0;0;1.706848;96.50598;76.44037;359.9805;294.076;1.112248
E:\computer vision m.khalil\roversim\obstacles data\IMG\robocam_2022_12_06_17_43_43_860.jpg;15;0;0;1.69549;96.55534;76.35148;0.00815111;295.6291;1.089398
E:\computer vision m.khalil\roversim\obstacles data\IMG\robocam_2022_12_06_17_43_43_927.jpg;15;0;0;1.688849;96.62452;76.23669;359.9939;297.6987;1.052521
E:\computer vision m.khalil\roversim\obstacles data\IMG\robocam_2022_12_06_17_43_43_995.jpg;15;0;0;1.681669;96.67921;76.15293;359.9814;299.2519;1.047559
E:\computer vision m.khalil\roversim\obstacles data\IMG\robocam_2022_12_06_17_43_44_061.jpg;15;0;0;1.672064;96.73599;76.07085;359.9797;300.7996;1.057703
E:\computer vision m.khalil\roversim\obstacles data\IMG\robocam_2022_12_06_17_43_44_127.jpg;15;0;0;1.664682;96.81457;75.96412;359.985;302.8538;1.079656
E:\computer vision m.khalil\roversim\obstacles data\IMG\robocam_2022_12_06_17_43_44_195.jpg;15;0;0;1.657406;96.87574;75.88631;-0.005374105;304.3924;1.101276
E:\computer vision m.khalil\roversim\obstacles data\IMG\robocam_2022_12_06_17_43_44_261.jpg;15;0;0;1.647519;96.93838;75.81038;-0.0007287759;305.9185;1.100572
E:\computer vision m.khalil\roversim\obstacles data\IMG\robocam_2022_12_06_17_43_44_328.jpg;15;0;0;1.640354;97.02446;75.71249;359.9937;307.939;1.077366
E:\computer vision m.khalil\roversim\obstacles data\IMG\robocam_2022_12_06_17_43_44_395.jpg;15;0;0;1.633582;97.09113;75.64181;359.9825;309.4581;1.065554
E:\computer vision m.khalil\roversim\obstacles data\IMG\robocam_2022_12_06_17_43_44_461.jpg;15;0;0;1.624141;97.15953;75.57306;359.9843;310.9707;1.06023
E:\computer vision m.khalil\roversim\obstacles data\IMG\robocam_2022_12_06_17_43_44_528.jpg;15;0;0;1.616988;97.25304;75.48466;359.9881;312.9862;1.068864
E:\computer vision m.khalil\roversim\obstacles data\IMG\robocam_2022_12_06_17_43_44_595.jpg;15;0;0;1.610043;97.32484;75.42088;359.9908;314.495;1.084379
E:\computer vision m.khalil\roversim\obstacles data\IMG\robocam_2022_12_06_17_43_44_661.jpg;15;0;0;1.600558;97.39801;75.35902;0.006677737;315.9936;1.090605
E:\computer vision m.khalil\roversim\obstacles data\IMG\robocam_2022_12_06_17_43_44_727.jpg;15;0;0;1.593981;97.49702;75.28024;-0.004506351;317.9792;1.08152
E:\computer vision m.khalil\roversim\obstacles data\IMG\robocam_2022_12_06_17_43_44_794.jpg;15;0;0;1.586757;97.5729;75.22392;359.9909;319.4693;1.082135
E:\computer vision m.khalil\roversim\obstacles data\IMG\robocam_2022_12_06_17_43_44_861.jpg;15;0;0;1.577542;97.64995;75.16956;-0.0009802122;320.9503;1.075003
E:\computer vision m.khalil\roversim\obstacles data\IMG\robocam_2022_12_06_17_43_44_928.jpg;15;0;0;1.570519;97.75403;75.10072;359.9915;322.9181;1.066013
E:\computer vision m.khalil\roversim\obstacles data\IMG\robocam_2022_12_06_17_43_44_994.jpg;15;0;0;1.564082;97.83322;75.05196;359.9787;324.3902;1.060394
E:\computer vision m.khalil\roversim\obstacles data\IMG\robocam_2022_12_06_17_43_45_062.jpg;15;0;0;1.55499;97.91349;75.00534;359.9795;325.8549;1.057315
E:\computer vision m.khalil\roversim\obstacles data\IMG\robocam_2022_12_06_17_43_45_130.jpg;15;0;0;1.548097;98.02181;74.94664;359.9833;327.8064;1.062961
E:\computer vision m.khalil\roversim\obstacles data\IMG\robocam_2022_12_06_17_43_45_197.jpg;15;0;0;1.541429;98.10394;74.9053;359.9864;329.2675;1.073186
E:\computer vision m.khalil\roversim\obstacles data\IMG\robocam_2022_12_06_17_43_45_263.jpg;15;0;0;1.532375;98.18683;74.86601;0.0015504;330.7195;1.074139
E:\computer vision m.khalil\roversim\obstacles data\IMG\robocam_2022_12_06_17_43_45_326.jpg;15;0;0;1.526108;98.29777;74.81738;359.9901;332.6442;1.061288
E:\computer vision m.khalil\roversim\obstacles data\IMG\robocam_2022_12_06_17_43_45_395.jpg;15;0;0;1.519275;98.38175;74.78376;359.9843;334.0865;1.061768
E:\computer vision m.khalil\roversim\obstacles data\IMG\robocam_2022_12_06_17_43_45_462.jpg;15;0.1011912;0;1.510464;98.46635;74.75224;359.9907;335.5238;1.060686
E:\computer vision m.khalil\roversim\obstacles data\IMG\robocam_2022_12_06_17_43_45_529.jpg;15;0.09714061;0;1.510966;98.58031;74.71342;0.0008088438;337.4415;1.057338
E:\computer vision m.khalil\roversim\obstacles data\IMG\robocam_2022_12_06_17_43_45_595.jpg;15;0;0;1.50897;98.66611;74.68718;359.9887;338.8808;1.052446
E:\computer vision m.khalil\roversim\obstacles data\IMG\robocam_2022_12_06_17_43_45_657.jpg;15;0;0;1.500523;98.75234;74.66319;359.9855;340.3105;1.051865
E:\computer vision m.khalil\roversim\obstacles data\IMG\robocam_2022_12_06_17_43_45_728.jpg;15;0;0;1.493928;98.86768;74.63464;359.9849;342.2104;1.061121
E:\computer vision m.khalil\roversim\obstacles data\IMG\robocam_2022_12_06_17_43_45_793.jpg;15;0;0;1.487493;98.95435;74.61582;359.9859;343.6331;1.072321
E:\computer vision m.khalil\roversim\obstacles data\IMG\robocam_2022_12_06_17_43_45_860.jpg;15;0;0;1.478761;99.04122;74.59903;-0.001274791;345.0463;1.071431
E:\computer vision m.khalil\roversim\obstacles data\IMG\robocam_2022_12_06_17_43_45_928.jpg;15;0;0;1.472127;99.15672;74.58009;-0.003764502;346.9226;1.062488
E:\computer vision m.khalil\roversim\obstacles data\IMG\robocam_2022_12_06_17_43_45_996.jpg;15;0;0;1.466096;99.24319;74.56871;359.9875;348.3252;1.054552
E:\computer vision m.khalil\roversim\obstacles data\IMG\robocam_2022_12_06_17_43_46_061.jpg;15;0;0;1.457596;99.32973;74.55951;359.989;349.7235;1.051903
E:\computer vision m.khalil\roversim\obstacles data\IMG\robocam_2022_12_06_17_43_46_128.jpg;15;0;0;1.451186;99.44485;74.55054;359.9924;351.5837;1.056552
E:\computer vision m.khalil\roversim\obstacles data\IMG\robocam_2022_12_06_17_43_46_195.jpg;15;0;0;1.444977;99.5309;74.5463;359.994;352.9765;1.064077
E:\computer vision m.khalil\roversim\obstacles data\IMG\robocam_2022_12_06_17_43_46_261.jpg;15;0;0;1.436571;99.61679;74.544;0.004537006;354.3597;1.061198
E:\computer vision m.khalil\roversim\obstacles data\IMG\robocam_2022_12_06_17_43_46_328.jpg;15;0;0;1.430674;99.73026;74.5442;359.9885;356.1919;1.049428
E:\computer vision m.khalil\roversim\obstacles data\IMG\robocam_2022_12_06_17_43_46_395.jpg;15;0;0;1.424313;99.81499;74.54699;359.9818;357.565;1.053837
E:\computer vision m.khalil\roversim\obstacles data\IMG\robocam_2022_12_06_17_43_46_461.jpg;15;0;0;1.416065;99.89944;74.55163;359.9854;358.9333;1.052011
E:\computer vision m.khalil\roversim\obstacles data\IMG\robocam_2022_12_06_17_43_46_528.jpg;15;0;0;1.409714;100.0113;74.56097;359.993;0.7528534;1.056449
E:\computer vision m.khalil\roversim\obstacles data\IMG\robocam_2022_12_06_17_43_46_596.jpg;15;0;0;1.403691;100.0945;74.5703;-0.002221039;2.113831;1.061036
E:\computer vision m.khalil\roversim\obstacles data\IMG\robocam_2022_12_06_17_43_46_658.jpg;15;0;0;1.395527;100.1771;74.58137;-0.002974174;3.464127;1.053788
E:\computer vision m.khalil\roversim\obstacles data\IMG\robocam_2022_12_06_17_43_46_729.jpg;15;0;0;1.389547;100.286;74.5993;359.9923;5.260887;1.04783
E:\computer vision m.khalil\roversim\obstacles data\IMG\robocam_2022_12_06_17_43_46_794.jpg;15;0;0;1.38362;100.367;74.61504;359.9909;6.605835;1.054762
E:\computer vision m.khalil\roversim\obstacles data\IMG\robocam_2022_12_06_17_43_46_859.jpg;15;0;0;1.375616;100.4473;74.63245;-0.002516604;7.94548;1.054307
E:\computer vision m.khalil\roversim\obstacles data\IMG\robocam_2022_12_06_17_43_46_929.jpg;15;0;0;1.369457;100.553;74.65839;359.9942;9.721107;1.052464
E:\computer vision m.khalil\roversim\obstacles data\IMG\robocam_2022_12_06_17_43_46_995.jpg;15;0;0;1.363877;100.6313;74.67998;359.9865;11.0484;1.047943
E:\computer vision m.khalil\roversim\obstacles data\IMG\robocam_2022_12_06_17_43_47_061.jpg;15;0;0;1.355938;100.7088;74.70331;359.9881;12.3713;1.043855
E:\computer vision m.khalil\roversim\obstacles data\IMG\robocam_2022_12_06_17_43_47_129.jpg;15;0;0;1.349909;100.8108;74.73711;359.9933;14.13161;1.049065
E:\computer vision m.khalil\roversim\obstacles data\IMG\robocam_2022_12_06_17_43_47_193.jpg;15;0;0;1.344112;100.8862;74.76438;-0.002548514;15.44954;1.057727
E:\computer vision m.khalil\roversim\obstacles data\IMG\robocam_2022_12_06_17_43_47_261.jpg;15;0;0;1.336106;100.9606;74.79314;-0.0007342453;16.7596;1.05733
E:\computer vision m.khalil\roversim\obstacles data\IMG\robocam_2022_12_06_17_43_47_328.jpg;15;0;0;1.330506;101.0583;74.83387;-0.0006064994;18.49842;1.049451
E:\computer vision m.khalil\roversim\obstacles data\IMG\robocam_2022_12_06_17_43_47_395.jpg;15;0;0;1.324639;101.1301;74.86633;359.9933;19.80334;1.053644
E:\computer vision m.khalil\roversim\obstacles data\IMG\robocam_2022_12_06_17_43_47_461.jpg;15;0;0;1.316996;101.201;74.90024;359.9931;21.09992;1.051794
E:\computer vision m.khalil\roversim\obstacles data\IMG\robocam_2022_12_06_17_43_47_528.jpg;15;0;0;1.311398;101.2939;74.94762;359.992;22.81833;1.048455
E:\computer vision m.khalil\roversim\obstacles data\IMG\robocam_2022_12_06_17_43_47_595.jpg;15;0;0;1.305726;101.3623;74.9849;359.9939;24.10375;1.052545
E:\computer vision m.khalil\roversim\obstacles data\IMG\robocam_2022_12_06_17_43_47_657.jpg;15;0;0;1.298091;101.4296;75.02354;0.003582221;25.38462;1.052357
E:\computer vision m.khalil\roversim\obstacles data\IMG\robocam_2022_12_06_17_43_47_726.jpg;15;0;0;1.292723;101.5172;75.07687;359.9933;27.08537;1.042283
E:\computer vision m.khalil\roversim\obstacles data\IMG\robocam_2022_12_06_17_43_47_794.jpg;15;0;0;1.286836;101.5814;75.11854;359.9842;28.3593;1.044533
E:\computer vision m.khalil\roversim\obstacles data\IMG\robocam_2022_12_06_17_43_47_860.jpg;15;0;0;1.279597;101.6447;75.16139;359.9846;29.62362;1.040379
E:\computer vision m.khalil\roversim\obstacles data\IMG\robocam_2022_12_06_17_43_47_927.jpg;15;0;0;1.27388;101.7271;75.22048;359.989;31.30506;1.039661
E:\computer vision m.khalil\roversim\obstacles data\IMG\robocam_2022_12_06_17_43_47_994.jpg;15;0;0;1.26841;101.7873;75.26622;359.9922;32.56597;1.045156
E:\computer vision m.khalil\roversim\obstacles data\IMG\robocam_2022_12_06_17_43_48_060.jpg;15;0;0;1.261049;101.8464;75.31303;-0.001540688;33.82029;1.048015
E:\computer vision m.khalil\roversim\obstacles data\IMG\robocam_2022_12_06_17_43_48_127.jpg;15;0;0;1.255424;101.923;75.37697;359.994;35.48765;1.050605
E:\computer vision m.khalil\roversim\obstacles data\IMG\robocam_2022_12_06_17_43_48_194.jpg;15;0;0;1.250322;101.9788;75.42601;359.983;36.72789;1.04574
E:\computer vision m.khalil\roversim\obstacles data\IMG\robocam_2022_12_06_17_43_48_260.jpg;15;0;0;1.243036;102.0335;75.47612;359.9822;37.96151;1.035662
E:\computer vision m.khalil\roversim\obstacles data\IMG\robocam_2022_12_06_17_43_48_329.jpg;15;0;0;1.237477;102.1041;75.54454;359.9809;39.60771;1.031309
E:\computer vision m.khalil\roversim\obstacles data\IMG\robocam_2022_12_06_17_43_48_394.jpg;15;0;0;1.232209;102.1556;75.59693;359.9787;40.83907;1.033132
E:\computer vision m.khalil\roversim\obstacles data\IMG\robocam_2022_12_06_17_43_48_457.jpg;15;0;0;1.225073;102.2057;75.65017;359.9803;42.06353;1.031561
E:\computer vision m.khalil\roversim\obstacles data\IMG\robocam_2022_12_06_17_43_48_523.jpg;15;0;0;1.219598;102.2704;75.72248;359.9826;43.69258;1.033809
E:\computer vision m.khalil\roversim\obstacles data\IMG\robocam_2022_12_06_17_43_48_590.jpg;15;0;0;1.214392;102.3173;75.77762;359.9844;44.9075;1.036626
E:\computer vision m.khalil\roversim\obstacles data\IMG\robocam_2022_12_06_17_43_48_657.jpg;15;0;0;1.20711;102.3629;75.83354;359.9892;46.12097;1.037135
E:\computer vision m.khalil\roversim\obstacles data\IMG\robocam_2022_12_06_17_43_48_728.jpg;15;0;0;1.201931;102.4214;75.90916;359.9923;47.73195;1.041395
E:\computer vision m.khalil\roversim\obstacles data\IMG\robocam_2022_12_06_17_43_48_794.jpg;15;0;0;1.196807;102.4637;75.96665;359.9926;48.93528;1.046577
E:\computer vision m.khalil\roversim\obstacles data\IMG\robocam_2022_12_06_17_43_48_860.jpg;15;0;0;1.189845;102.5046;76.02473;-0.003831336;50.13131;1.04619
E:\computer vision m.khalil\roversim\obstacles data\IMG\robocam_2022_12_06_17_43_48_928.jpg;15;0;0;1.184514;102.557;76.10313;-8.380322E-05;51.72214;1.047136
E:\computer vision m.khalil\roversim\obstacles data\IMG\robocam_2022_12_06_17_43_48_994.jpg;15;0;0;1.179458;102.5945;76.16249;-0.001764457;52.91022;1.047455
E:\computer vision m.khalil\roversim\obstacles data\IMG\robocam_2022_12_06_17_43_49_061.jpg;15;0;0;1.172747;102.6307;76.22226;359.9932;54.09156;1.039325
E:\computer vision m.khalil\roversim\obstacles data\IMG\robocam_2022_12_06_17_43_49_127.jpg;15;0;0;1.167535;102.6767;76.30271;359.9843;55.66024;1.030158
E:\computer vision m.khalil\roversim\obstacles data\IMG\robocam_2022_12_06_17_43_49_196.jpg;15;0;0;1.162372;102.7095;76.36356;359.976;56.83392;1.026613
E:\computer vision m.khalil\roversim\obstacles data\IMG\robocam_2022_12_06_17_43_49_263.jpg;15;0;0;1.155634;102.741;76.42483;359.9721;58.00278;1.018377
E:\computer vision m.khalil\roversim\obstacles data\IMG\robocam_2022_12_06_17_43_49_327.jpg;15;0;0;1.15069;102.7808;76.50706;359.9634;59.5547;1.011496
E:\computer vision m.khalil\roversim\obstacles data\IMG\robocam_2022_12_06_17_43_49_394.jpg;15;0;0;1.145603;102.8089;76.56912;359.9561;60.71506;1.008633
E:\computer vision m.khalil\roversim\obstacles data\IMG\robocam_2022_12_06_17_43_49_462.jpg;15;0;0;1.138935;102.8358;76.63151;359.9535;61.87078;1.000927
E:\computer vision m.khalil\roversim\obstacles data\IMG\robocam_2022_12_06_17_43_49_529.jpg;15;0;0;1.134042;102.8694;76.71506;359.9472;63.40529;0.994096
E:\computer vision m.khalil\roversim\obstacles data\IMG\robocam_2022_12_06_17_43_49_596.jpg;15;0;0;1.129017;102.8929;76.77798;359.9405;64.55527;0.9929512
E:\computer vision m.khalil\roversim\obstacles data\IMG\robocam_2022_12_06_17_43_49_666.jpg;15;0;0;1.122642;102.9223;76.86219;359.9356;66.0772;0.9859906
E:\computer vision m.khalil\roversim\obstacles data\IMG\robocam_2022_12_06_17_43_49_727.jpg;15;0;0;1.117593;102.9427;76.92552;359.9322;67.21584;0.9809927
E:\computer vision m.khalil\roversim\obstacles data\IMG\robocam_2022_12_06_17_43_49_795.jpg;15;0;0;1.112836;102.9618;76.98898;359.9288;68.34892;0.9766511
E:\computer vision m.khalil\roversim\obstacles data\IMG\robocam_2022_12_06_17_43_49_861.jpg;15;0;0;1.106149;102.9795;77.05253;359.9261;69.47972;0.9714789
E:\computer vision m.khalil\roversim\obstacles data\IMG\robocam_2022_12_06_17_43_49_929.jpg;15;0;0;1.101377;103.001;77.13731;359.9181;70.98245;0.9693798
E:\computer vision m.khalil\roversim\obstacles data\IMG\robocam_2022_12_06_17_43_49_995.jpg;15;0;0;1.096681;103.0156;77.20094;359.9144;72.10173;0.965474
E:\computer vision m.khalil\roversim\obstacles data\IMG\robocam_2022_12_06_17_43_50_061.jpg;15;0;0;1.090056;103.0289;77.26458;359.9119;73.21902;0.9603933
E:\computer vision m.khalil\roversim\obstacles data\IMG\robocam_2022_12_06_17_43_50_129.jpg;15;0;0;1.085333;103.0447;77.3494;359.9084;74.70035;0.9536027
E:\computer vision m.khalil\roversim\obstacles data\IMG\robocam_2022_12_06_17_43_50_195.jpg;15;0;0;1.080487;103.0549;77.41292;359.9048;75.81049;0.9510707
E:\computer vision m.khalil\roversim\obstacles data\IMG\robocam_2022_12_06_17_43_50_261.jpg;15;0;0;1.074168;103.0639;77.47637;359.9025;76.91502;0.9459513
E:\computer vision m.khalil\roversim\obstacles data\IMG\robocam_2022_12_06_17_43_50_328.jpg;15;0;0;1.069509;103.0739;77.56072;359.8961;78.38244;0.9424372
E:\computer vision m.khalil\roversim\obstacles data\IMG\robocam_2022_12_06_17_43_50_395.jpg;15;0;0;1.06476;103.0799;77.6238;359.8895;79.47894;0.9417813
E:\computer vision m.khalil\roversim\obstacles data\IMG\robocam_2022_12_06_17_43_50_462.jpg;15;0;0;1.058685;103.0848;77.68678;359.8885;80.56589;0.9338471
E:\computer vision m.khalil\roversim\obstacles data\IMG\robocam_2022_12_06_17_43_50_528.jpg;15;0;0;1.053857;103.0893;77.77042;359.8857;82.01563;0.9271739
E:\computer vision m.khalil\roversim\obstacles data\IMG\robocam_2022_12_06_17_43_50_595.jpg;15;0;0;1.049163;103.0912;77.83286;359.8817;83.09956;0.9243256
E:\computer vision m.khalil\roversim\obstacles data\IMG\robocam_2022_12_06_17_43_50_657.jpg;15;0;0;1.043011;103.092;77.89507;359.8792;84.17773;0.9187554
E:\computer vision m.khalil\roversim\obstacles data\IMG\robocam_2022_12_06_17_43_50_729.jpg;15;0;0;1.038461;103.0913;77.97758;359.8738;85.61005;0.9135166
E:\computer vision m.khalil\roversim\obstacles data\IMG\robocam_2022_12_06_17_43_50_791.jpg;15;0;0;1.032351;103.0893;78.03909;359.8687;86.68038;0.9110069
E:\computer vision m.khalil\roversim\obstacles data\IMG\robocam_2022_12_06_17_43_50_858.jpg;15;0;0;1.02774;103.0862;78.10033;359.8655;87.74516;0.9055198
E:\computer vision m.khalil\roversim\obstacles data\IMG\robocam_2022_12_06_17_43_50_929.jpg;15;0;0;1.023236;103.0804;78.18142;359.8603;89.15988;0.8998408
E:\computer vision m.khalil\roversim\obstacles data\IMG\robocam_2022_12_06_17_43_50_995.jpg;15;0;0;1.018657;103.0747;78.2418;359.8558;90.21722;0.8966508
E:\computer vision m.khalil\roversim\obstacles data\IMG\robocam_2022_12_06_17_43_51_062.jpg;15;0;0;1.012639;103.0679;78.30184;359.8535;91.26923;0.8905439
E:\computer vision m.khalil\roversim\obstacles data\IMG\robocam_2022_12_06_17_43_51_128.jpg;15;0;0;1.008189;103.0572;78.38126;359.8497;92.66705;0.8837879
E:\computer vision m.khalil\roversim\obstacles data\IMG\robocam_2022_12_06_17_43_51_195.jpg;15;0;0;1.003671;103.048;78.44032;359.8464;93.71173;0.8796406
E:\computer vision m.khalil\roversim\obstacles data\IMG\robocam_2022_12_06_17_43_51_261.jpg;15;0;0;0.9977341;103.0377;78.49898;359.8451;94.75125;0.8728119
E:\computer vision m.khalil\roversim\obstacles data\IMG\robocam_2022_12_06_17_43_51_328.jpg;15;0;0;0.9933437;103.0224;78.57645;359.8427;96.13242;0.8649814
E:\computer vision m.khalil\roversim\obstacles data\IMG\robocam_2022_12_06_17_43_51_395.jpg;15;0;0;0.9888905;103.0098;78.634;359.8405;97.16455;0.8599857
E:\computer vision m.khalil\roversim\obstacles data\IMG\robocam_2022_12_06_17_43_51_461.jpg;15;0;0;0.9830362;102.9962;78.69109;359.84;98.19162;0.8525859
E:\computer vision m.khalil\roversim\obstacles data\IMG\robocam_2022_12_06_17_43_51_529.jpg;15;0;0;0.9787052;102.9765;78.76641;359.8387;99.55612;0.8439758
E:\computer vision m.khalil\roversim\obstacles data\IMG\robocam_2022_12_06_17_43_51_595.jpg;15;0;0;0.9743156;102.9606;78.82227;359.8371;100.5757;0.8384015
E:\computer vision m.khalil\roversim\obstacles data\IMG\robocam_2022_12_06_17_43_51_661.jpg;15;0;0;0.9685417;102.9439;78.87762;359.8371;101.5903;0.8306794
E:\computer vision m.khalil\roversim\obstacles data\IMG\robocam_2022_12_06_17_43_51_728.jpg;15;0;0;0.9642687;102.9201;78.95055;359.8363;102.9381;0.8216481
E:\computer vision m.khalil\roversim\obstacles data\IMG\robocam_2022_12_06_17_43_51_795.jpg;15;0;0;0.9599396;102.9013;79.00459;359.8352;103.9452;0.8157803
E:\computer vision m.khalil\roversim\obstacles data\IMG\robocam_2022_12_06_17_43_51_861.jpg;15;0;0;0.9542429;102.8816;79.05807;359.8354;104.9473;0.8079747
E:\computer vision m.khalil\roversim\obstacles data\IMG\robocam_2022_12_06_17_43_51_928.jpg;15;0;0;0.950025;102.854;79.12843;359.8349;106.2784;0.7988419
E:\computer vision m.khalil\roversim\obstacles data\IMG\robocam_2022_12_06_17_43_51_995.jpg;15;0;0;0.9457534;102.8323;79.18049;359.8339;107.2729;0.792921
E:\computer vision m.khalil\roversim\obstacles data\IMG\robocam_2022_12_06_17_43_52_062.jpg;15;0;0;0.9401303;102.8098;79.23196;359.8342;108.2626;0.7852157
E:\computer vision m.khalil\roversim\obstacles data\IMG\robocam_2022_12_06_17_43_52_129.jpg;15;0;0;0.9359655;102.7786;79.2996;359.8338;109.5771;0.7762185
E:\computer vision m.khalil\roversim\obstacles data\IMG\robocam_2022_12_06_17_43_52_195.jpg;15;0;0;0.931749;102.7544;79.34956;359.8329;110.5592;0.7704074
E:\computer vision m.khalil\roversim\obstacles data\IMG\robocam_2022_12_06_17_43_52_261.jpg;15;0;0;0.9261965;102.7294;79.39892;359.8332;111.5364;0.7629251
E:\computer vision m.khalil\roversim\obstacles data\IMG\robocam_2022_12_06_17_43_52_328.jpg;15;0;0;0.922083;102.6949;79.46369;359.8329;112.8344;0.7542194
E:\computer vision m.khalil\roversim\obstacles data\IMG\robocam_2022_12_06_17_43_52_395.jpg;15;0;0;0.91792;102.6682;79.51148;359.832;113.804;0.7486002
E:\computer vision m.khalil\roversim\obstacles data\IMG\robocam_2022_12_06_17_43_52_462.jpg;15;0;0;0.9124367;102.6408;79.55863;359.8323;114.769;0.7414224
E:\computer vision m.khalil\roversim\obstacles data\IMG\robocam_2022_12_06_17_43_52_529.jpg;15;0;0;0.9083738;102.6033;79.62042;359.832;116.0505;0.7330671
E:\computer vision m.khalil\roversim\obstacles data\IMG\robocam_2022_12_06_17_43_52_595.jpg;15;0;0;0.9042628;102.5744;79.66595;359.8313;117.0079;0.7276714
E:\computer vision m.khalil\roversim\obstacles data\IMG\robocam_2022_12_06_17_43_52_657.jpg;15;0;0;0.8988475;102.5448;79.71082;359.8316;117.9606;0.7208029
E:\computer vision m.khalil\roversim\obstacles data\IMG\robocam_2022_12_06_17_43_52_726.jpg;15;0;0;0.8948341;102.5045;79.76952;359.8314;119.2258;0.7128133
E:\computer vision m.khalil\roversim\obstacles data\IMG\robocam_2022_12_06_17_43_52_794.jpg;15;0;0;0.890775;102.4735;79.81273;359.8307;120.171;0.7076545
E:\computer vision m.khalil\roversim\obstacles data\IMG\robocam_2022_12_06_17_43_52_861.jpg;15;0;0;0.885427;102.4421;79.85524;359.8311;121.1115;0.7010784
E:\computer vision m.khalil\roversim\obstacles data\IMG\robocam_2022_12_06_17_43_52_928.jpg;15;0;0;0.8814631;102.3992;79.9108;359.8309;122.3606;0.6934184
E:\computer vision m.khalil\roversim\obstacles data\IMG\robocam_2022_12_06_17_43_52_994.jpg;15;0;0;0.8774547;102.3664;79.95161;359.8303;123.2935;0.6884554
E:\computer vision m.khalil\roversim\obstacles data\IMG\robocam_2022_12_06_17_43_53_060.jpg;15;0;0;0.8721735;102.3332;79.99174;359.8307;124.222;0.6821421
E:\computer vision m.khalil\roversim\obstacles data\IMG\robocam_2022_12_06_17_43_53_128.jpg;15;0;0;0.8682585;102.288;80.0441;359.8305;125.455;0.674755
E:\computer vision m.khalil\roversim\obstacles data\IMG\robocam_2022_12_06_17_43_53_194.jpg;15;0;0;0.864301;102.2536;80.0825;359.83;126.3759;0.6699505
E:\computer vision m.khalil\roversim\obstacles data\IMG\robocam_2022_12_06_17_43_53_260.jpg;15;0;0;0.8590858;102.2187;80.1202;359.8303;127.2924;0.6638525
E:\computer vision m.khalil\roversim\obstacles data\IMG\robocam_2022_12_06_17_43_53_328.jpg;15;0;0;0.8552196;102.1715;80.16931;359.8302;128.5094;0.6566913
E:\computer vision m.khalil\roversim\obstacles data\IMG\robocam_2022_12_06_17_43_53_394.jpg;15;0;0;0.8513123;102.1357;80.20527;359.8297;129.4184;0.6520105
E:\computer vision m.khalil\roversim\obstacles data\IMG\robocam_2022_12_06_17_43_53_458.jpg;15;0;0;0.8461629;102.0994;80.24052;359.83;130.323;0.6460941
E:\computer vision m.khalil\roversim\obstacles data\IMG\robocam_2022_12_06_17_43_53_526.jpg;15;0;0;0.8423448;102.0504;80.28636;359.8299;131.5241;0.6391139
E:\computer vision m.khalil\roversim\obstacles data\IMG\robocam_2022_12_06_17_43_53_594.jpg;15;0;0;0.8384875;102.0133;80.31986;359.8295;132.4212;0.6345282
E:\computer vision m.khalil\roversim\obstacles data\IMG\robocam_2022_12_06_17_43_53_659.jpg;15;0;0;0.8334031;101.9758;80.35265;359.8298;133.314;0.6287675
E:\computer vision m.khalil\roversim\obstacles data\IMG\robocam_2022_12_06_17_43_53_728.jpg;15;0;0;0.829633;101.9252;80.39522;359.8297;134.4994;0.6219392
E:\computer vision m.khalil\roversim\obstacles data\IMG\robocam_2022_12_06_17_43_53_793.jpg;15;0;0;0.8258252;101.887;80.42626;359.8292;135.3848;0.6174289
E:\computer vision m.khalil\roversim\obstacles data\IMG\robocam_2022_12_06_17_43_53_860.jpg;0;0;0;0.8208052;101.8494;80.45774;359.8269;136.0435;0.5768685
E:\computer vision m.khalil\roversim\obstacles data\IMG\robocam_2022_12_06_17_43_53_926.jpg;-3.009109;0.2006073;0;0.8103981;101.8032;80.50362;359.8205;135.987;0.3919971
E:\computer vision m.khalil\roversim\obstacles data\IMG\robocam_2022_12_06_17_43_53_995.jpg;-5.982858;0.3988572;0;0.8237481;101.7684;80.53998;359.8516;135.5822;0.2290154
E:\computer vision m.khalil\roversim\obstacles data\IMG\robocam_2022_12_06_17_43_54_061.jpg;-9.075514;0.6050342;0;0.8445706;101.733;80.57881;359.9293;135.0951;0.04452349
E:\computer vision m.khalil\roversim\obstacles data\IMG\robocam_2022_12_06_17_43_54_128.jpg;-12.06838;0.8045585;0;0.8643523;101.6855;80.63475;0.1004569;134.0899;359.7681
E:\computer vision m.khalil\roversim\obstacles data\IMG\robocam_2022_12_06_17_43_54_195.jpg;-12.01911;1;0;0.9107284;101.6482;80.68053;0.2954306;133.2495;359.5696
E:\computer vision m.khalil\roversim\obstacles data\IMG\robocam_2022_12_06_17_43_54_260.jpg;-9.145723;1;0;0.9694569;101.6091;80.72807;0.4926766;132.4491;359.4406
E:\computer vision m.khalil\roversim\obstacles data\IMG\robocam_2022_12_06_17_43_54_329.jpg;-6.067093;1;0;1.015428;101.5535;80.79348;0.7206565;131.7028;359.4205
E:\computer vision m.khalil\roversim\obstacles data\IMG\robocam_2022_12_06_17_43_54_395.jpg;0;1;0;1.063295;101.5099;80.84173;0.7515958;131.4753;359.5991
E:\computer vision m.khalil\roversim\obstacles data\IMG\robocam_2022_12_06_17_43_54_461.jpg;2.988895;0.901996;0;1.128091;101.4631;80.89309;0.8355272;131.5743;359.7978
E:\computer vision m.khalil\roversim\obstacles data\IMG\robocam_2022_12_06_17_43_54_528.jpg;6.009354;0.7006321;0;1.172514;101.3966;80.96319;0.9921697;132.1105;0.0648833
E:\computer vision m.khalil\roversim\obstacles data\IMG\robocam_2022_12_06_17_43_54_594.jpg;8.985973;0.5021908;0;1.194575;101.3449;81.01536;1.059324;132.7787;0.223352
E:\computer vision m.khalil\roversim\obstacles data\IMG\robocam_2022_12_06_17_43_54_661.jpg;11.9998;0.3012691;0;1.212761;101.2934;81.06541;0.9869987;133.6684;0.296926
E:\computer vision m.khalil\roversim\obstacles data\IMG\robocam_2022_12_06_17_43_54_723.jpg;14.84352;0.1116877;0;1.227099;101.2229;81.12693;0.7197943;135.0865;0.3703774
E:\computer vision m.khalil\roversim\obstacles data\IMG\robocam_2022_12_06_17_43_54_792.jpg;15;0;0;1.229161;101.1687;81.17088;0.505968;136.242;0.4659187
E:\computer vision m.khalil\roversim\obstacles data\IMG\robocam_2022_12_06_17_43_54_860.jpg;15;0;0;1.219763;101.1139;81.21339;0.2876242;137.4116;0.5792513
E:\computer vision m.khalil\roversim\obstacles data\IMG\robocam_2022_12_06_17_43_54_927.jpg;15;0;0;1.214133;101.0399;81.26806;0.002098069;138.9637;0.7493867
E:\computer vision m.khalil\roversim\obstacles data\IMG\robocam_2022_12_06_17_43_54_994.jpg;15;0;0;1.208369;100.9833;81.30843;359.8456;140.114;0.846925
E:\computer vision m.khalil\roversim\obstacles data\IMG\robocam_2022_12_06_17_43_55_060.jpg;11.99597;0;0;1.200606;100.9261;81.34846;359.7318;141.1572;0.9148858
E:\computer vision m.khalil\roversim\obstacles data\IMG\robocam_2022_12_06_17_43_55_127.jpg;9.003512;0;0;1.196453;100.8486;81.40375;359.7222;142.2043;0.8617674
E:\computer vision m.khalil\roversim\obstacles data\IMG\robocam_2022_12_06_17_43_55_194.jpg;6.001701;0;0;1.191627;100.79;81.44527;359.7608;142.776;0.7752343
E:\computer vision m.khalil\roversim\obstacles data\IMG\robocam_2022_12_06_17_43_55_260.jpg;2.998257;0;0;1.186807;100.7317;81.48678;359.7905;143.1517;0.6757104
E:\computer vision m.khalil\roversim\obstacles data\IMG\robocam_2022_12_06_17_43_55_327.jpg;0.01776338;0;0;1.182836;100.6552;81.54306;359.8183;143.2925;0.5008637
E:\computer vision m.khalil\roversim\obstacles data\IMG\robocam_2022_12_06_17_43_55_394.jpg;0;0;0;1.178619;100.5984;81.58533;359.8323;143.2973;0.3628443
E:\computer vision m.khalil\roversim\obstacles data\IMG\robocam_2022_12_06_17_43_55_460.jpg;0;0;0;1.173295;100.5418;81.62739;359.8413;143.2975;0.2299023
E:\computer vision m.khalil\roversim\obstacles data\IMG\robocam_2022_12_06_17_43_55_528.jpg;0;0;0;1.169292;100.4667;81.68317;359.8465;143.2975;0.06439631
E:\computer vision m.khalil\roversim\obstacles data\IMG\robocam_2022_12_06_17_43_55_593.jpg;2.980197;0;0;1.16535;100.41;81.72388;359.8449;143.4563;359.9758
E:\computer vision m.khalil\roversim\obstacles data\IMG\robocam_2022_12_06_17_43_55_660.jpg;5.986125;0;0;1.159734;100.3528;81.76321;359.8377;143.817;359.9277
E:\computer vision m.khalil\roversim\obstacles data\IMG\robocam_2022_12_06_17_43_55_727.jpg;2.795112;0;0;1.155621;100.2768;81.81532;359.8241;144.2424;359.8742
E:\computer vision m.khalil\roversim\obstacles data\IMG\robocam_2022_12_06_17_43_55_794.jpg;0;0;0;1.151819;100.2207;81.85513;359.8129;144.3247;359.8164
E:\computer vision m.khalil\roversim\obstacles data\IMG\robocam_2022_12_06_17_43_55_861.jpg;1.518138;0;0;1.146411;100.1648;81.89487;359.8006;144.3551;359.7656
E:\computer vision m.khalil\roversim\obstacles data\IMG\robocam_2022_12_06_17_43_55_928.jpg;4.504698;0;0;1.142238;100.0894;81.94585;359.7844;144.7034;359.7638
E:\computer vision m.khalil\roversim\obstacles data\IMG\robocam_2022_12_06_17_43_55_994.jpg;7.509254;0;0;1.137445;100.0321;81.98233;359.7697;145.2131;359.8114
E:\computer vision m.khalil\roversim\obstacles data\IMG\robocam_2022_12_06_17_43_56_060.jpg;10.47119;0;0;1.130276;99.97409;82.01709;359.7509;145.9188;359.8987
E:\computer vision m.khalil\roversim\obstacles data\IMG\robocam_2022_12_06_17_43_56_128.jpg;13.49076;0;0;1.123602;99.89571;82.06011;359.7183;147.1852;0.08072515
E:\computer vision m.khalil\roversim\obstacles data\IMG\robocam_2022_12_06_17_43_56_194.jpg;15;0;0;1.116041;99.83621;82.09031;359.7045;148.3022;0.2381502
E:\computer vision m.khalil\roversim\obstacles data\IMG\robocam_2022_12_06_17_43_56_260.jpg;15;0;0;1.107049;99.7762;82.11941;359.7162;149.4346;0.3832072
E:\computer vision m.khalil\roversim\obstacles data\IMG\robocam_2022_12_06_17_43_56_328.jpg;15;0;0;1.100891;99.69554;82.15605;359.7505;150.9481;0.5714257
E:\computer vision m.khalil\roversim\obstacles data\IMG\robocam_2022_12_06_17_43_56_394.jpg;15;0;0;1.094714;99.63468;82.18195;359.7863;152.0825;0.7046878
E:\computer vision m.khalil\roversim\obstacles data\IMG\robocam_2022_12_06_17_43_56_461.jpg;15;0;0;1.086855;99.57359;82.20663;359.8319;153.2108;0.8220837
E:\computer vision m.khalil\roversim\obstacles data\IMG\robocam_2022_12_06_17_43_56_528.jpg;15;0;0;1.081242;99.49188;82.23746;359.8964;154.7074;0.9603016
E:\computer vision m.khalil\roversim\obstacles data\IMG\robocam_2022_12_06_17_43_56_595.jpg;15;0;0;1.075773;99.43037;82.25922;359.9565;155.8164;1.037419
E:\computer vision m.khalil\roversim\obstacles data\IMG\robocam_2022_12_06_17_43_56_661.jpg;15;0;0;1.068424;99.36897;82.27979;0.01096667;156.9211;1.078624
E:\computer vision m.khalil\roversim\obstacles data\IMG\robocam_2022_12_06_17_43_56_727.jpg;15;0;0;1.064231;99.28844;82.30496;-0.001576066;158.3665;1.061406
E:\computer vision m.khalil\roversim\obstacles data\IMG\robocam_2022_12_06_17_43_56_794.jpg;15;0;0;1.059959;99.22793;82.32195;359.9845;159.4465;1.025905
E:\computer vision m.khalil\roversim\obstacles data\IMG\robocam_2022_12_06_17_43_56_860.jpg;15;0;0;1.053676;99.16731;82.33759;359.9711;160.5268;0.9914171
E:\computer vision m.khalil\roversim\obstacles data\IMG\robocam_2022_12_06_17_43_56_928.jpg;15;0;0;1.049263;99.08653;82.35641;359.9462;161.9641;0.9534711
E:\computer vision m.khalil\roversim\obstacles data\IMG\robocam_2022_12_06_17_43_56_994.jpg;15;0;0;1.044755;99.02597;82.36907;359.9243;163.0384;0.9296371
E:\computer vision m.khalil\roversim\obstacles data\IMG\robocam_2022_12_06_17_43_57_060.jpg;15;0;0;1.038797;98.96543;82.38062;359.9044;164.107;0.9048458
E:\computer vision m.khalil\roversim\obstacles data\IMG\robocam_2022_12_06_17_43_57_128.jpg;15;0;0;1.034358;98.88478;82.39413;359.877;165.5273;0.8778121
E:\computer vision m.khalil\roversim\obstacles data\IMG\robocam_2022_12_06_17_43_57_193.jpg;15;0;0;1.029815;98.82436;82.40287;359.8571;166.5895;0.8617342
E:\computer vision m.khalil\roversim\obstacles data\IMG\robocam_2022_12_06_17_43_57_261.jpg;15;0;0;1.023805;98.76401;82.41051;359.8411;167.6469;0.8450565
E:\computer vision m.khalil\roversim\obstacles data\IMG\robocam_2022_12_06_17_43_57_326.jpg;15;0;0;1.019334;98.68368;82.41888;359.8221;169.0531;0.8281525
E:\computer vision m.khalil\roversim\obstacles data\IMG\robocam_2022_12_06_17_43_57_393.jpg;15;0;0;1.014778;98.62357;82.42381;359.81;170.1049;0.8190364
E:\computer vision m.khalil\roversim\obstacles data\IMG\robocam_2022_12_06_17_43_57_460.jpg;15;0;0;1.008765;98.56358;82.42766;359.8021;171.1525;0.8095309
E:\computer vision m.khalil\roversim\obstacles data\IMG\robocam_2022_12_06_17_43_57_526.jpg;15;0;0;1.0043;98.48387;82.43102;359.7944;172.5455;0.8011011
E:\computer vision m.khalil\roversim\obstacles data\IMG\robocam_2022_12_06_17_43_57_594.jpg;15;0;0;0.9997689;98.42432;82.43224;359.7908;173.5872;0.7975103
E:\computer vision m.khalil\roversim\obstacles data\IMG\robocam_2022_12_06_17_43_57_660.jpg;15;0;0;0.9937975;98.36496;82.4324;359.7905;174.6246;0.7933721
E:\computer vision m.khalil\roversim\obstacles data\IMG\robocam_2022_12_06_17_43_57_723.jpg;15;0.0899763;0;0.9893716;98.28629;82.43089;359.7906;176.0377;0.7913094
E:\computer vision m.khalil\roversim\obstacles data\IMG\robocam_2022_12_06_17_43_57_792.jpg;15;0;0;0.9879199;98.22726;82.42852;359.7989;177.0706;0.7922545
E:\computer vision m.khalil\roversim\obstacles data\IMG\robocam_2022_12_06_17_43_57_862.jpg;15;0;0;0.9819883;98.16856;82.42507;359.8069;178.1014;0.794552
E:\computer vision m.khalil\roversim\obstacles data\IMG\robocam_2022_12_06_17_43_57_929.jpg;15;0;0;0.9775257;98.0908;82.41888;359.8184;179.4695;0.7969219
E:\computer vision m.khalil\roversim\obstacles data\IMG\robocam_2022_12_06_17_43_57_995.jpg;15;0;0;0.9731732;98.03288;82.41306;359.8271;180.4905;0.7980866
E:\computer vision m.khalil\roversim\obstacles data\IMG\robocam_2022_12_06_17_43_58_059.jpg;15;0;0;0.9673605;97.97539;82.40622;359.8339;181.5084;0.8008851
E:\computer vision m.khalil\roversim\obstacles data\IMG\robocam_2022_12_06_17_43_58_127.jpg;15;0;0;0.9629906;97.89933;82.39557;359.8425;182.8584;0.8029577
E:\computer vision m.khalil\roversim\obstacles data\IMG\robocam_2022_12_06_17_43_58_193.jpg;15;0;0;0.9587133;97.84277;82.38649;359.8486;183.8654;0.8029422
E:\computer vision m.khalil\roversim\obstacles data\IMG\robocam_2022_12_06_17_43_58_258.jpg;15;0;0;0.9529943;97.78667;82.37642;359.8525;184.8693;0.8041913
E:\computer vision m.khalil\roversim\obstacles data\IMG\robocam_2022_12_06_17_43_58_326.jpg;15;0;0;0.948692;97.71256;82.36157;359.857;186.2006;0.803405
E:\computer vision m.khalil\roversim\obstacles data\IMG\robocam_2022_12_06_17_43_58_393.jpg;15;0;0;0.9444832;97.65751;82.3494;359.8601;187.1935;0.8008295
E:\computer vision m.khalil\roversim\obstacles data\IMG\robocam_2022_12_06_17_43_58_460.jpg;15;0;0;0.9388537;97.60297;82.33629;359.8608;188.1836;0.7994729
E:\computer vision m.khalil\roversim\obstacles data\IMG\robocam_2022_12_06_17_43_58_527.jpg;15;0;0;0.9346181;97.531;82.31747;359.8615;189.4965;0.7949877
E:\computer vision m.khalil\roversim\obstacles data\IMG\robocam_2022_12_06_17_43_58_595.jpg;15;0;0;0.9304746;97.47758;82.30237;359.8618;190.4759;0.7896516
E:\computer vision m.khalil\roversim\obstacles data\IMG\robocam_2022_12_06_17_43_58_657.jpg;15;0;0;0.9249303;97.42473;82.2864;359.8601;191.4525;0.7856001
E:\computer vision m.khalil\roversim\obstacles data\IMG\robocam_2022_12_06_17_43_58_732.jpg;15;0;0;0.9207575;97.35506;82.26385;359.8579;192.7478;0.7777632
E:\computer vision m.khalil\roversim\obstacles data\IMG\robocam_2022_12_06_17_43_58_791.jpg;15;0;0;0.9166734;97.3034;82.24601;359.8565;193.7142;0.7702051
E:\computer vision m.khalil\roversim\obstacles data\IMG\robocam_2022_12_06_17_43_58_858.jpg;15;0;0;0.9112075;97.25231;82.22736;359.8533;194.678;0.7640787
E:\computer vision m.khalil\roversim\obstacles data\IMG\robocam_2022_12_06_17_43_58_926.jpg;15;0;0;0.9070932;97.18506;82.2013;359.8496;195.9564;0.7539673
E:\computer vision m.khalil\roversim\obstacles data\IMG\robocam_2022_12_06_17_43_58_993.jpg;15;0;0;0.9030624;97.13525;82.18089;359.8474;196.9104;0.7451147
E:\computer vision m.khalil\roversim\obstacles data\IMG\robocam_2022_12_06_17_43_59_059.jpg;15;0.1016049;0;0.8976672;97.08621;82.15978;359.8403;197.885;0.7377853
E:\computer vision m.khalil\roversim\obstacles data\IMG\robocam_2022_12_06_17_43_59_127.jpg;15;0.3016542;0;0.8948284;97.02029;82.12981;359.8639;199.1008;0.7328542
E:\computer vision m.khalil\roversim\obstacles data\IMG\robocam_2022_12_06_17_43_59_195.jpg;15;0.5007921;0;0.9207387;96.96967;82.10564;359.9218;200.0716;0.7362651
E:\computer vision m.khalil\roversim\obstacles data\IMG\robocam_2022_12_06_17_43_59_261.jpg;15;0.5045323;0;0.949183;96.91766;82.07978;0.01780353;201.0457;0.7469839
E:\computer vision m.khalil\roversim\obstacles data\IMG\robocam_2022_12_06_17_43_59_325.jpg;15;0.3134332;0;0.960534;96.84715;82.04323;0.1543485;202.3268;0.7444886
E:\computer vision m.khalil\roversim\obstacles data\IMG\robocam_2022_12_06_17_43_59_393.jpg;15;0.1110142;0;0.9750762;96.79459;82.01466;0.2365275;203.2918;0.7367441
E:\computer vision m.khalil\roversim\obstacles data\IMG\robocam_2022_12_06_17_43_59_458.jpg;15;0;0;0.9794031;96.74331;81.98563;0.2805112;204.2622;0.7262412
E:\computer vision m.khalil\roversim\obstacles data\IMG\robocam_2022_12_06_17_43_59_525.jpg;15;0;0;0.9673692;96.67701;81.94624;0.2850571;205.6211;0.7149462
E:\computer vision m.khalil\roversim\obstacles data\IMG\robocam_2022_12_06_17_43_59_592.jpg;15;0;0;0.9635499;96.62856;81.91607;0.2594639;206.6282;0.7112376
E:\computer vision m.khalil\roversim\obstacles data\IMG\robocam_2022_12_06_17_43_59_658.jpg;15;0;0;0.9583633;96.58111;81.88535;0.214628;207.6255;0.7126727
E:\computer vision m.khalil\roversim\obstacles data\IMG\robocam_2022_12_06_17_43_59_730.jpg;15;0;0;0.954393;96.51931;81.84354;0.1329749;208.9425;0.7231533
E:\computer vision m.khalil\roversim\obstacles data\IMG\robocam_2022_12_06_17_43_59_794.jpg;15;0;0;0.9503574;96.47399;81.81152;0.06073777;209.9222;0.7372534
E:\computer vision m.khalil\roversim\obstacles data\IMG\robocam_2022_12_06_17_43_59_860.jpg;15;0;0;0.9448845;96.4295;81.77892;359.9832;210.8961;0.7561657
E:\computer vision m.khalil\roversim\obstacles data\IMG\robocam_2022_12_06_17_43_59_926.jpg;15;0;0;0.9405088;96.37086;81.73449;359.9062;212.1835;0.764473
E:\computer vision m.khalil\roversim\obstacles data\IMG\robocam_2022_12_06_17_43_59_993.jpg;15;0;0;0.9361156;96.32763;81.70037;359.8622;213.1479;0.7640496
E:\computer vision m.khalil\roversim\obstacles data\IMG\robocam_2022_12_06_17_44_00_055.jpg;15;0;0;0.9302081;96.28519;81.66552;359.8237;214.1148;0.7661055
E:\computer vision m.khalil\roversim\obstacles data\IMG\robocam_2022_12_06_17_44_00_123.jpg;15;0;0;0.9257762;96.22962;81.61806;359.7877;215.4015;0.7623121
E:\computer vision m.khalil\roversim\obstacles data\IMG\robocam_2022_12_06_17_44_00_194.jpg;15;0;0;0.9214949;96.18877;81.58175;359.7701;216.3647;0.7563912
E:\computer vision m.khalil\roversim\obstacles data\IMG\robocam_2022_12_06_17_44_00_259.jpg;15;0;0;0.9157842;96.14873;81.54481;359.7568;217.3283;0.7520758
E:\computer vision m.khalil\roversim\obstacles data\IMG\robocam_2022_12_06_17_44_00_327.jpg;15;0;0;0.9115148;96.09647;81.49469;359.7483;218.6095;0.7435185
E:\computer vision m.khalil\roversim\obstacles data\IMG\robocam_2022_12_06_17_44_00_394.jpg;15;0;0;0.9073557;96.05822;81.45647;359.7456;219.5685;0.7381178
E:\computer vision m.khalil\roversim\obstacles data\IMG\robocam_2022_12_06_17_44_00_460.jpg;15;0;0;0.9018275;96.02068;81.41777;359.748;220.5228;0.7294724
E:\computer vision m.khalil\roversim\obstacles data\IMG\robocam_2022_12_06_17_44_00_525.jpg;15;0;0;0.8977364;95.97193;81.3654;359.7526;221.7929;0.721562
E:\computer vision m.khalil\roversim\obstacles data\IMG\robocam_2022_12_06_17_44_00_593.jpg;15;0;0;0.8936486;95.93631;81.32561;359.7583;222.7421;0.7158101
E:\computer vision m.khalil\roversim\obstacles data\IMG\robocam_2022_12_06_17_44_00_658.jpg;15;0;0;0.8882178;95.90145;81.28541;359.7669;223.6865;0.7077019
E:\computer vision m.khalil\roversim\obstacles data\IMG\robocam_2022_12_06_17_44_00_722.jpg;15;0;0;0.8842067;95.86744;81.24478;359.7749;224.6288;0.7017986
E:\computer vision m.khalil\roversim\obstacles data\IMG\robocam_2022_12_06_17_44_00_794.jpg;15;0;0;0.8802032;95.82342;81.19003;359.7852;225.8806;0.6957135
E:\computer vision m.khalil\roversim\obstacles data\IMG\robocam_2022_12_06_17_44_00_860.jpg;15;0;0;0.8748769;95.79129;81.14858;359.7946;226.8135;0.6887065
E:\computer vision m.khalil\roversim\obstacles data\IMG\robocam_2022_12_06_17_44_00_927.jpg;15;0;0;0.8709245;95.74983;81.09278;359.8045;228.0542;0.6833013
E:\computer vision m.khalil\roversim\obstacles data\IMG\robocam_2022_12_06_17_44_00_995.jpg;15;0;0;0.8670189;95.71964;81.05059;359.8126;228.9785;0.6769723
E:\computer vision m.khalil\roversim\obstacles data\IMG\robocam_2022_12_06_17_44_01_060.jpg;15;0;0;0.8617678;95.69034;81.0081;359.819;229.9005;0.6726766
E:\computer vision m.khalil\roversim\obstacles data\IMG\robocam_2022_12_06_17_44_01_127.jpg;15;0;0;0.857839;95.65252;80.95106;359.8268;231.1236;0.6663486
E:\computer vision m.khalil\roversim\obstacles data\IMG\robocam_2022_12_06_17_44_01_195.jpg;15;0;0;0.8539859;95.62511;80.90799;359.8319;232.0362;0.6611469
E:\computer vision m.khalil\roversim\obstacles data\IMG\robocam_2022_12_06_17_44_01_260.jpg;15;0;0;0.8488414;95.59855;80.86469;359.8354;232.9455;0.6570243
E:\computer vision m.khalil\roversim\obstacles data\IMG\robocam_2022_12_06_17_44_01_327.jpg;15;0;0;0.8449747;95.56438;80.80665;359.8391;234.1514;0.6507152
E:\computer vision m.khalil\roversim\obstacles data\IMG\robocam_2022_12_06_17_44_01_394.jpg;15;0;0;0.8411743;95.5397;80.76289;359.8413;235.0509;0.6452817
E:\computer vision m.khalil\roversim\obstacles data\IMG\robocam_2022_12_06_17_44_01_459.jpg;15;0;0;0.8360941;95.51583;80.71896;359.842;235.9474;0.6409322
E:\computer vision m.khalil\roversim\obstacles data\IMG\robocam_2022_12_06_17_44_01_528.jpg;15;0;0;0.8322735;95.48524;80.66013;359.8425;237.1363;0.634123
E:\computer vision m.khalil\roversim\obstacles data\IMG\robocam_2022_12_06_17_44_01_594.jpg;15;0;0;0.8285188;95.46323;80.61586;359.8427;238.0233;0.6282489
E:\computer vision m.khalil\roversim\obstacles data\IMG\robocam_2022_12_06_17_44_01_660.jpg;15;0;0;0.8234984;95.44202;80.57146;359.8417;238.9074;0.6234929
E:\computer vision m.khalil\roversim\obstacles data\IMG\robocam_2022_12_06_17_44_01_728.jpg;15;0;0;0.8197228;95.41496;80.51207;359.8404;240.08;0.6161718
E:\computer vision m.khalil\roversim\obstacles data\IMG\robocam_2022_12_06_17_44_01_791.jpg;15;0;0;0.8160124;95.39555;80.46742;359.8395;240.9549;0.60997
E:\computer vision m.khalil\roversim\obstacles data\IMG\robocam_2022_12_06_17_44_01_858.jpg;15;0;0;0.8110512;95.37695;80.42268;359.8377;241.827;0.6049178
E:\computer vision m.khalil\roversim\obstacles data\IMG\robocam_2022_12_06_17_44_01_925.jpg;15;0;0;0.8073208;95.35331;80.36291;359.8357;242.9839;0.5973009
E:\computer vision m.khalil\roversim\obstacles data\IMG\robocam_2022_12_06_17_44_01_991.jpg;15;0;0;0.8036536;95.33646;80.31802;359.8345;243.8472;0.5910138
E:\computer vision m.khalil\roversim\obstacles data\IMG\robocam_2022_12_06_17_44_02_058.jpg;15;0;0;0.7987515;95.32039;80.27307;359.8327;244.7078;0.5858686
E:\computer vision m.khalil\roversim\obstacles data\IMG\robocam_2022_12_06_17_44_02_126.jpg;15;0.1053981;0;0.7950666;95.30016;80.21317;359.8304;245.9398;0.5786334
E:\computer vision m.khalil\roversim\obstacles data\IMG\robocam_2022_12_06_17_44_02_193.jpg;15;0.3049401;0;0.8074806;95.28551;80.16695;359.856;246.9004;0.5791519
E:\computer vision m.khalil\roversim\obstacles data\IMG\robocam_2022_12_06_17_44_02_259.jpg;15;0.3014655;0;0.8173696;95.27139;80.11942;359.9056;247.8665;0.5885493
E:\computer vision m.khalil\roversim\obstacles data\IMG\robocam_2022_12_06_17_44_02_326.jpg;15;0.1040352;0;0.8194542;95.25361;80.05508;359.9783;249.1245;0.607816
E:\computer vision m.khalil\roversim\obstacles data\IMG\robocam_2022_12_06_17_44_02_393.jpg;15;0;0;0.8195865;95.24118;80.00679;0.02098069;250.0395;0.6203218
E:\computer vision m.khalil\roversim\obstacles data\IMG\robocam_2022_12_06_17_44_02_459.jpg;15;0.1003131;0;0.8193055;95.22966;79.959;0.03746913;250.9563;0.6270716
E:\computer vision m.khalil\roversim\obstacles data\IMG\robocam_2022_12_06_17_44_02_526.jpg;15;0.3001992;0;0.8270797;95.21542;79.8944;0.06036804;252.2255;0.6360647
E:\computer vision m.khalil\roversim\obstacles data\IMG\robocam_2022_12_06_17_44_02_593.jpg;15;0.295512;0;0.8393528;95.20532;79.84451;0.0942864;253.1517;0.6403314
E:\computer vision m.khalil\roversim\obstacles data\IMG\robocam_2022_12_06_17_44_02_660.jpg;15;0.09806702;0;0.8425398;95.19611;79.7944;0.1157978;253.963;0.6447512
E:\computer vision m.khalil\roversim\obstacles data\IMG\robocam_2022_12_06_17_44_02_726.jpg;15;0.100287;0;0.8463429;95.18498;79.72779;0.1240003;255.2434;0.6453108
E:\computer vision m.khalil\roversim\obstacles data\IMG\robocam_2022_12_06_17_44_02_793.jpg;15;0.302625;0;0.842849;95.1776;79.67731;0.1279319;256.1283;0.648663
E:\computer vision m.khalil\roversim\obstacles data\IMG\robocam_2022_12_06_17_44_02_859.jpg;15;0.4981431;0;0.8645509;95.17091;79.62606;0.1364175;257.0058;0.6517533
E:\computer vision m.khalil\roversim\obstacles data\IMG\robocam_2022_12_06_17_44_02_926.jpg;15;0.6986178;0;0.8859724;95.16258;79.5539;0.2091552;258.2542;0.6511434
E:\computer vision m.khalil\roversim\obstacles data\IMG\robocam_2022_12_06_17_44_02_993.jpg;15;0.8993241;0;0.9276007;95.15698;79.49615;0.3152414;259.1917;0.6481395
E:\computer vision m.khalil\roversim\obstacles data\IMG\robocam_2022_12_06_17_44_03_059.jpg;15;1;0;0.9731128;95.15215;79.4355;0.4534186;260.3032;0.6407929
E:\computer vision m.khalil\roversim\obstacles data\IMG\robocam_2022_12_06_17_44_03_126.jpg;15;1;0;1.022478;95.1468;79.35051;0.6362027;261.8568;0.5818808
E:\computer vision m.khalil\roversim\obstacles data\IMG\robocam_2022_12_06_17_44_03_194.jpg;15;1;0;1.069526;95.14397;79.28437;0.719224;263.0377;0.4747651
E:\computer vision m.khalil\roversim\obstacles data\IMG\robocam_2022_12_06_17_44_03_259.jpg;15;1;0;1.137003;95.14282;79.21533;0.7981095;264.2266;0.3652771
E:\computer vision m.khalil\roversim\obstacles data\IMG\robocam_2022_12_06_17_44_03_327.jpg;15;1;0;1.182537;95.14368;79.11813;0.9354596;265.8785;0.240559
E:\computer vision m.khalil\roversim\obstacles data\IMG\robocam_2022_12_06_17_44_03_393.jpg;15;1;0;1.227537;95.14614;79.04183;1.047965;267.1577;0.1589517
E:\computer vision m.khalil\roversim\obstacles data\IMG\robocam_2022_12_06_17_44_03_460.jpg;15;1;0;1.288813;95.15034;78.96285;1.157306;268.4853;0.08577567
E:\computer vision m.khalil\roversim\obstacles data\IMG\robocam_2022_12_06_17_44_03_523.jpg;15;1;0;1.334658;95.15886;78.85406;1.26524;270.3278;359.9926
E:\computer vision m.khalil\roversim\obstacles data\IMG\robocam_2022_12_06_17_44_03_592.jpg;15;1;0;1.382444;95.16835;78.77036;1.284968;271.7413;359.9884
E:\computer vision m.khalil\roversim\obstacles data\IMG\robocam_2022_12_06_17_44_03_658.jpg;15;1;0;1.44072;95.17956;78.68494;1.26314;273.2;359.989
E:\computer vision m.khalil\roversim\obstacles data\IMG\robocam_2022_12_06_17_44_03_730.jpg;15;1;0;1.487082;95.19833;78.56743;1.21612;275.1519;0.01670437
E:\computer vision m.khalil\roversim\obstacles data\IMG\robocam_2022_12_06_17_44_03_793.jpg;15;1;0;1.534259;95.21549;78.47635;1.195132;276.6426;0.06186615
E:\computer vision m.khalil\roversim\obstacles data\IMG\robocam_2022_12_06_17_44_03_859.jpg;15;1;0;1.592999;95.23523;78.38326;1.165348;278.1684;0.1087022
E:\computer vision m.khalil\roversim\obstacles data\IMG\robocam_2022_12_06_17_44_03_926.jpg;15;1;0;1.637783;95.26609;78.25657;1.090998;280.2504;0.1665993
E:\computer vision m.khalil\roversim\obstacles data\IMG\robocam_2022_12_06_17_44_03_992.jpg;15;1;0;1.682196;95.29296;78.15949;1.027487;281.8394;0.2211469
E:\computer vision m.khalil\roversim\obstacles data\IMG\robocam_2022_12_06_17_44_04_058.jpg;15;1;0;1.740614;95.32323;78.0608;0.9582402;283.4565;0.2853902
E:\computer vision m.khalil\roversim\obstacles data\IMG\robocam_2022_12_06_17_44_04_128.jpg;15;1;0;1.783523;95.36895;77.92697;0.8544813;285.6544;0.3790328
E:\computer vision m.khalil\roversim\obstacles data\IMG\robocam_2022_12_06_17_44_04_191.jpg;15;1;0;1.826715;95.40749;77.82511;0.7692622;287.3305;0.4561417
E:\computer vision m.khalil\roversim\obstacles data\IMG\robocam_2022_12_06_17_44_04_259.jpg;15;1;0;1.883847;95.44978;77.72219;0.6753753;289.0332;0.5351412
E:\computer vision m.khalil\roversim\obstacles data\IMG\robocam_2022_12_06_17_44_04_325.jpg;15;1;0;1.926256;95.51238;77.58348;0.5465311;291.3371;0.6508667
E:\computer vision m.khalil\roversim\obstacles data\IMG\robocam_2022_12_06_17_44_04_392.jpg;15;1;0;1.968325;95.56402;77.47863;0.4430738;293.093;0.7380967
E:\computer vision m.khalil\roversim\obstacles data\IMG\robocam_2022_12_06_17_44_04_458.jpg;15;1;0;2.024051;95.61996;77.37327;0.3369246;294.8721;0.8297522
E:\computer vision m.khalil\roversim\obstacles data\IMG\robocam_2022_12_06_17_44_04_525.jpg;15;1;0;2.065344;95.70131;77.23223;0.1968132;297.275;0.9570165
E:\computer vision m.khalil\roversim\obstacles data\IMG\robocam_2022_12_06_17_44_04_594.jpg;15;1;0;2.106399;95.7675;77.12637;0.08818841;299.1036;1.051391
E:\computer vision m.khalil\roversim\obstacles data\IMG\robocam_2022_12_06_17_44_04_660.jpg;15;1;0;2.160199;95.838;77.02051;359.979;300.9256;1.13216
E:\computer vision m.khalil\roversim\obstacles data\IMG\robocam_2022_12_06_17_44_04_729.jpg;15;1;0;2.198285;95.93996;76.87679;0.01156706;303.3301;1.156783
E:\computer vision m.khalil\roversim\obstacles data\IMG\robocam_2022_12_06_17_44_04_792.jpg;15;0.9037579;0;2.238148;96.02153;76.76993;0.01535672;305.1871;1.109401
E:\computer vision m.khalil\roversim\obstacles data\IMG\robocam_2022_12_06_17_44_04_859.jpg;15;0.7095283;0;2.285408;96.1086;76.66493;0.01323237;307.0906;1.082582
E:\computer vision m.khalil\roversim\obstacles data\IMG\robocam_2022_12_06_17_44_04_926.jpg;15;0.5080972;0;2.309121;96.23182;76.52816;0.01331265;309.6457;1.094639
E:\computer vision m.khalil\roversim\obstacles data\IMG\robocam_2022_12_06_17_44_04_992.jpg;15;0.3094687;0;2.324412;96.32841;76.42845;0.005556439;311.5684;1.111589
E:\computer vision m.khalil\roversim\obstacles data\IMG\robocam_2022_12_06_17_44_05_058.jpg;15;0.1109143;0;2.329507;96.42819;76.33154;0.0037351;313.4728;1.113205
E:\computer vision m.khalil\roversim\obstacles data\IMG\robocam_2022_12_06_17_44_05_128.jpg;15;0;0;2.323037;96.56557;76.20824;359.9901;315.9961;1.106868
E:\computer vision m.khalil\roversim\obstacles data\IMG\robocam_2022_12_06_17_44_05_194.jpg;15;0;0;2.312829;96.67206;76.12048;359.9936;317.8904;1.145199
E:\computer vision m.khalil\roversim\obstacles data\IMG\robocam_2022_12_06_17_44_05_257.jpg;15;0;0;2.298879;96.78014;76.036;359.989;319.7666;1.142107
E:\computer vision m.khalil\roversim\obstacles data\IMG\robocam_2022_12_06_17_44_05_325.jpg;15;0;0;2.287842;96.92818;75.9297;0.001190854;322.2512;1.131807
E:\computer vision m.khalil\roversim\obstacles data\IMG\robocam_2022_12_06_17_44_05_391.jpg;15;0;0;2.277674;97.04146;75.85494;-0.003618826;324.1236;1.140345
E:\computer vision m.khalil\roversim\obstacles data\IMG\robocam_2022_12_06_17_44_05_459.jpg;15;0;0;2.264274;97.15642;75.78397;359.9921;325.9766;1.120066
E:\computer vision m.khalil\roversim\obstacles data\IMG\robocam_2022_12_06_17_44_05_526.jpg;15;0;0;2.253129;97.31304;75.69618;0.007117804;328.459;1.132208
E:\computer vision m.khalil\roversim\obstacles data\IMG\robocam_2022_12_06_17_44_05_593.jpg;15;0;0;2.243358;97.43156;75.63506;359.9834;330.304;1.127998
E:\computer vision m.khalil\roversim\obstacles data\IMG\robocam_2022_12_06_17_44_05_659.jpg;15;0;0;2.229949;97.55218;75.57813;-0.003279505;332.1476;1.127206
E:\computer vision m.khalil\roversim\obstacles data\IMG\robocam_2022_12_06_17_44_05_721.jpg;15;0;0;2.219084;97.67374;75.5254;-0.005125897;333.9951;1.137315
E:\computer vision m.khalil\roversim\obstacles data\IMG\robocam_2022_12_06_17_44_05_791.jpg;15;0;0;2.209954;97.83735;75.46142;359.9883;336.4402;1.122231
E:\computer vision m.khalil\roversim\obstacles data\IMG\robocam_2022_12_06_17_44_05_857.jpg;13.46552;0;0;2.196341;97.96159;75.41818;0.01052143;338.2405;1.117774
E:\computer vision m.khalil\roversim\obstacles data\IMG\robocam_2022_12_06_17_44_05_928.jpg;10.34219;0;0;2.189615;98.12719;75.36443;-0.004169243;340.2267;1.076466
E:\computer vision m.khalil\roversim\obstacles data\IMG\robocam_2022_12_06_17_44_05_991.jpg;7.451475;0;0;2.182814;98.25181;75.3262;359.9903;341.3441;1.033132
E:\computer vision m.khalil\roversim\obstacles data\IMG\robocam_2022_12_06_17_44_06_060.jpg;4.385899;0;0;2.174121;98.37633;75.28876;359.9815;342.1403;0.9757054
E:\computer vision m.khalil\roversim\obstacles data\IMG\robocam_2022_12_06_17_44_06_127.jpg;1.401269;0;0;2.167483;98.54138;75.23859;359.9468;342.6624;0.8613685
E:\computer vision m.khalil\roversim\obstacles data\IMG\robocam_2022_12_06_17_44_06_194.jpg;0;0;0;2.160243;98.66431;75.20042;359.906;342.7432;0.7451213
E:\computer vision m.khalil\roversim\obstacles data\IMG\robocam_2022_12_06_17_44_06_259.jpg;0;0;0;2.150648;98.78671;75.16241;359.8568;342.7562;0.623222
E:\computer vision m.khalil\roversim\obstacles data\IMG\robocam_2022_12_06_17_44_06_327.jpg;0;0;0;2.143456;98.94916;75.11203;359.7836;342.7591;0.4593258
E:\computer vision m.khalil\roversim\obstacles data\IMG\robocam_2022_12_06_17_44_06_394.jpg;1.520109;0;0;2.136245;99.07063;75.075;359.7262;342.837;0.3513101
E:\computer vision m.khalil\roversim\obstacles data\IMG\robocam_2022_12_06_17_44_06_458.jpg;4.486662;0;0;2.126352;99.19227;75.03982;359.6749;343.1663;0.2821947
E:\computer vision m.khalil\roversim\obstacles data\IMG\robocam_2022_12_06_17_44_06_526.jpg;7.39341;0;0;2.117898;99.35506;74.99741;359.618;344.1162;0.2799487
E:\computer vision m.khalil\roversim\obstacles data\IMG\robocam_2022_12_06_17_44_06_593.jpg;10.45569;0;0;2.108363;99.47771;74.96979;359.5906;345.2142;0.3511312
E:\computer vision m.khalil\roversim\obstacles data\IMG\robocam_2022_12_06_17_44_06_659.jpg;13.45459;0;0;2.093473;99.60082;74.94641;359.579;346.623;0.4866628
E:\computer vision m.khalil\roversim\obstacles data\IMG\robocam_2022_12_06_17_44_06_721.jpg;15;0;0;2.079446;99.72435;74.92791;359.5939;348.3398;0.679819
E:\computer vision m.khalil\roversim\obstacles data\IMG\robocam_2022_12_06_17_44_06_789.jpg;15;0;0;2.068377;99.89007;74.90803;359.7055;350.652;0.9162399
E:\computer vision m.khalil\roversim\obstacles data\IMG\robocam_2022_12_06_17_44_06_861.jpg;15;0;0;2.052536;100.0157;74.89684;359.8959;352.3557;1.038905
E:\computer vision m.khalil\roversim\obstacles data\IMG\robocam_2022_12_06_17_44_06_925.jpg;15;0;0;2.040446;100.181;74.88836;0.07721174;354.7489;1.1554
E:\computer vision m.khalil\roversim\obstacles data\IMG\robocam_2022_12_06_17_44_06_993.jpg;15;0;0;2.033456;100.3005;74.88552;359.9792;356.5385;1.107262
E:\computer vision m.khalil\roversim\obstacles data\IMG\robocam_2022_12_06_17_44_07_061.jpg;15;0;0;2.022556;100.4199;74.8877;359.906;358.2362;1.068249
E:\computer vision m.khalil\roversim\obstacles data\IMG\robocam_2022_12_06_17_44_07_128.jpg;15;0;0;2.012707;100.5797;74.89649;359.8987;0.4822235;1.033898
E:\computer vision m.khalil\roversim\obstacles data\IMG\robocam_2022_12_06_17_44_07_191.jpg;15;0;0;2.003153;100.6992;74.90778;359.9335;2.202034;1.040889
E:\computer vision m.khalil\roversim\obstacles data\IMG\robocam_2022_12_06_17_44_07_257.jpg;15;0;0;1.990543;100.8181;74.92283;359.9888;3.942986;1.071742
E:\computer vision m.khalil\roversim\obstacles data\IMG\robocam_2022_12_06_17_44_07_324.jpg;15;0;0;1.981617;100.9742;74.94769;0.007727719;6.2724;1.113191
E:\computer vision m.khalil\roversim\obstacles data\IMG\robocam_2022_12_06_17_44_07_393.jpg;15;0;0;1.973859;101.0894;74.96986;359.9876;7.985291;1.102589
E:\computer vision m.khalil\roversim\obstacles data\IMG\robocam_2022_12_06_17_44_07_459.jpg;15;0;0;1.962121;101.2038;74.99592;-0.003244126;9.693657;1.101382
E:\computer vision m.khalil\roversim\obstacles data\IMG\robocam_2022_12_06_17_44_07_525.jpg;15;0;0;1.952914;101.3539;75.03548;359.9916;11.96976;1.105513
E:\computer vision m.khalil\roversim\obstacles data\IMG\robocam_2022_12_06_17_44_07_592.jpg;15;0;0;1.945027;101.4649;75.06912;359.9899;13.66822;1.107196
E:\computer vision m.khalil\roversim\obstacles data\IMG\robocam_2022_12_06_17_44_07_654.jpg;15;0;0;1.935778;101.5746;75.10597;0.00849841;15.36652;1.113153
E:\computer vision m.khalil\roversim\obstacles data\IMG\robocam_2022_12_06_17_44_07_722.jpg;15;0;0;1.925074;101.6821;75.14542;359.9861;17.06364;1.108737
E:\computer vision m.khalil\roversim\obstacles data\IMG\robocam_2022_12_06_17_44_07_790.jpg;15;0;0;1.916197;101.8232;75.20324;359.9888;19.31474;1.110728
E:\computer vision m.khalil\roversim\obstacles data\IMG\robocam_2022_12_06_17_44_07_858.jpg;13.42491;0;0;1.904747;101.9273;75.24989;0.00952027;20.96748;1.114437
E:\computer vision m.khalil\roversim\obstacles data\IMG\robocam_2022_12_06_17_44_07_925.jpg;10.42779;0;0;1.899737;102.0641;75.31356;359.9904;22.77684;1.055432
E:\computer vision m.khalil\roversim\obstacles data\IMG\robocam_2022_12_06_17_44_07_991.jpg;7.417216;0;0;1.894093;102.1659;75.36263;359.9802;23.78719;0.9999266
E:\computer vision m.khalil\roversim\obstacles data\IMG\robocam_2022_12_06_17_44_08_057.jpg;4.448134;0;0;1.886856;102.2673;75.41177;359.9644;24.50428;0.9263381
E:\computer vision m.khalil\roversim\obstacles data\IMG\robocam_2022_12_06_17_44_08_124.jpg;1.442926;0;0;1.881131;102.4022;75.47623;359.9234;24.96886;0.7891701
E:\computer vision m.khalil\roversim\obstacles data\IMG\robocam_2022_12_06_17_44_08_192.jpg;0;0;0;1.874808;102.5033;75.52351;359.8807;25.03252;0.6575631
E:\computer vision m.khalil\roversim\obstacles data\IMG\robocam_2022_12_06_17_44_08_257.jpg;0;0;0;1.866428;102.6039;75.57057;359.8329;25.04107;0.5230157
E:\computer vision m.khalil\roversim\obstacles data\IMG\robocam_2022_12_06_17_44_08_326.jpg;0;0;0;1.86015;102.7375;75.63309;359.7654;25.04275;0.3468621
E:\computer vision m.khalil\roversim\obstacles data\IMG\robocam_2022_12_06_17_44_08_394.jpg;0;0;0;1.853849;102.8373;75.67982;359.7145;25.04314;0.2202824
E:\computer vision m.khalil\roversim\obstacles data\IMG\robocam_2022_12_06_17_44_08_459.jpg;0;0;0;1.845419;102.9368;75.72644;359.6652;25.0434;0.1007954
E:\computer vision m.khalil\roversim\obstacles data\IMG\robocam_2022_12_06_17_44_08_528.jpg;0;0;0;1.839082;103.069;75.7884;359.6041;25.04363;359.9555
